,agent_type,size,dirt_rate,initial_dirt,cleaned_slots,cleaned_rate,remaining_life
0,SimpleReflexAgent,2,0.1,0,0,1.0,1000
1,SimpleReflexAgent,2,0.1,0,0,1.0,1000
2,SimpleReflexAgent,2,0.1,0,0,1.0,1000
3,SimpleReflexAgent,2,0.1,1,1,1.0,999
4,SimpleReflexAgent,2,0.1,0,0,1.0,1000
5,SimpleReflexAgent,2,0.1,1,1,1.0,996
6,SimpleReflexAgent,2,0.1,0,0,1.0,1000
7,SimpleReflexAgent,2,0.1,1,1,1.0,999
8,SimpleReflexAgent,2,0.1,0,0,1.0,1000
9,SimpleReflexAgent,2,0.1,0,0,1.0,1000
10,SimpleReflexAgent,2,0.1,0,0,1.0,1000
11,SimpleReflexAgent,2,0.1,0,0,1.0,1000
12,SimpleReflexAgent,2,0.1,1,1,1.0,996
13,SimpleReflexAgent,2,0.1,1,1,1.0,998
14,SimpleReflexAgent,2,0.1,1,1,1.0,998
15,SimpleReflexAgent,2,0.1,0,0,1.0,1000
16,SimpleReflexAgent,2,0.1,0,0,1.0,1000
17,SimpleReflexAgent,2,0.1,0,0,1.0,1000
18,SimpleReflexAgent,2,0.1,1,1,1.0,999
19,SimpleReflexAgent,2,0.1,0,0,1.0,1000
20,SimpleReflexAgent,2,0.1,0,0,1.0,1000
21,SimpleReflexAgent,2,0.1,1,1,1.0,998
22,SimpleReflexAgent,2,0.1,1,1,1.0,994
23,SimpleReflexAgent,2,0.1,0,0,1.0,1000
24,SimpleReflexAgent,2,0.1,2,2,1.0,978
25,SimpleReflexAgent,2,0.1,0,0,1.0,1000
26,SimpleReflexAgent,2,0.1,1,1,1.0,999
27,SimpleReflexAgent,2,0.1,0,0,1.0,1000
28,SimpleReflexAgent,2,0.1,0,0,1.0,1000
29,SimpleReflexAgent,2,0.1,0,0,1.0,1000
30,SimpleReflexAgent,2,0.2,1,1,1.0,998
31,SimpleReflexAgent,2,0.2,1,1,1.0,999
32,SimpleReflexAgent,2,0.2,0,0,1.0,1000
33,SimpleReflexAgent,2,0.2,1,1,1.0,996
34,SimpleReflexAgent,2,0.2,0,0,1.0,1000
35,SimpleReflexAgent,2,0.2,0,0,1.0,1000
36,SimpleReflexAgent,2,0.2,0,0,1.0,1000
37,SimpleReflexAgent,2,0.2,0,0,1.0,1000
38,SimpleReflexAgent,2,0.2,2,2,1.0,997
39,SimpleReflexAgent,2,0.2,0,0,1.0,1000
40,SimpleReflexAgent,2,0.2,1,1,1.0,997
41,SimpleReflexAgent,2,0.2,2,2,1.0,996
42,SimpleReflexAgent,2,0.2,1,1,1.0,996
43,SimpleReflexAgent,2,0.2,1,1,1.0,998
44,SimpleReflexAgent,2,0.2,0,0,1.0,1000
45,SimpleReflexAgent,2,0.2,1,1,1.0,999
46,SimpleReflexAgent,2,0.2,0,0,1.0,1000
47,SimpleReflexAgent,2,0.2,2,2,1.0,980
48,SimpleReflexAgent,2,0.2,2,2,1.0,995
49,SimpleReflexAgent,2,0.2,1,1,1.0,999
50,SimpleReflexAgent,2,0.2,0,0,1.0,1000
51,SimpleReflexAgent,2,0.2,1,1,1.0,999
52,SimpleReflexAgent,2,0.2,2,2,1.0,987
53,SimpleReflexAgent,2,0.2,1,1,1.0,999
54,SimpleReflexAgent,2,0.2,0,0,1.0,1000
55,SimpleReflexAgent,2,0.2,3,3,1.0,990
56,SimpleReflexAgent,2,0.2,1,1,1.0,998
57,SimpleReflexAgent,2,0.2,1,1,1.0,999
58,SimpleReflexAgent,2,0.2,1,1,1.0,997
59,SimpleReflexAgent,2,0.2,1,1,1.0,999
60,SimpleReflexAgent,2,0.4,1,1,1.0,998
61,SimpleReflexAgent,2,0.4,3,3,1.0,989
62,SimpleReflexAgent,2,0.4,2,2,1.0,984
63,SimpleReflexAgent,2,0.4,1,1,1.0,997
64,SimpleReflexAgent,2,0.4,2,2,1.0,994
65,SimpleReflexAgent,2,0.4,2,2,1.0,976
66,SimpleReflexAgent,2,0.4,1,1,1.0,994
67,SimpleReflexAgent,2,0.4,1,1,1.0,998
68,SimpleReflexAgent,2,0.4,3,3,1.0,994
69,SimpleReflexAgent,2,0.4,2,2,1.0,995
70,SimpleReflexAgent,2,0.4,2,2,1.0,993
71,SimpleReflexAgent,2,0.4,2,2,1.0,995
72,SimpleReflexAgent,2,0.4,3,3,1.0,994
73,SimpleReflexAgent,2,0.4,3,3,1.0,992
74,SimpleReflexAgent,2,0.4,1,1,1.0,990
75,SimpleReflexAgent,2,0.4,2,2,1.0,997
76,SimpleReflexAgent,2,0.4,3,3,1.0,992
77,SimpleReflexAgent,2,0.4,0,0,1.0,1000
78,SimpleReflexAgent,2,0.4,2,2,1.0,995
79,SimpleReflexAgent,2,0.4,2,2,1.0,996
80,SimpleReflexAgent,2,0.4,1,1,1.0,999
81,SimpleReflexAgent,2,0.4,1,1,1.0,997
82,SimpleReflexAgent,2,0.4,0,0,1.0,1000
83,SimpleReflexAgent,2,0.4,1,1,1.0,995
84,SimpleReflexAgent,2,0.4,1,1,1.0,998
85,SimpleReflexAgent,2,0.4,1,1,1.0,998
86,SimpleReflexAgent,2,0.4,1,1,1.0,999
87,SimpleReflexAgent,2,0.4,3,3,1.0,992
88,SimpleReflexAgent,2,0.4,2,2,1.0,996
89,SimpleReflexAgent,2,0.4,1,1,1.0,995
90,SimpleReflexAgent,2,0.8,3,3,1.0,992
91,SimpleReflexAgent,2,0.8,4,4,1.0,990
92,SimpleReflexAgent,2,0.8,4,4,1.0,993
93,SimpleReflexAgent,2,0.8,4,4,1.0,993
94,SimpleReflexAgent,2,0.8,4,4,1.0,993
95,SimpleReflexAgent,2,0.8,3,3,1.0,990
96,SimpleReflexAgent,2,0.8,2,2,1.0,988
97,SimpleReflexAgent,2,0.8,3,3,1.0,982
98,SimpleReflexAgent,2,0.8,3,3,1.0,986
99,SimpleReflexAgent,2,0.8,3,3,1.0,974
100,SimpleReflexAgent,2,0.8,2,2,1.0,997
101,SimpleReflexAgent,2,0.8,3,3,1.0,992
102,SimpleReflexAgent,2,0.8,3,3,1.0,994
103,SimpleReflexAgent,2,0.8,4,4,1.0,990
104,SimpleReflexAgent,2,0.8,1,1,1.0,988
105,SimpleReflexAgent,2,0.8,4,4,1.0,986
106,SimpleReflexAgent,2,0.8,4,4,1.0,993
107,SimpleReflexAgent,2,0.8,4,4,1.0,993
108,SimpleReflexAgent,2,0.8,3,3,1.0,992
109,SimpleReflexAgent,2,0.8,4,4,1.0,989
110,SimpleReflexAgent,2,0.8,2,2,1.0,997
111,SimpleReflexAgent,2,0.8,3,3,1.0,986
112,SimpleReflexAgent,2,0.8,3,3,1.0,986
113,SimpleReflexAgent,2,0.8,4,4,1.0,975
114,SimpleReflexAgent,2,0.8,2,2,1.0,988
115,SimpleReflexAgent,2,0.8,4,4,1.0,985
116,SimpleReflexAgent,2,0.8,4,4,1.0,991
117,SimpleReflexAgent,2,0.8,4,4,1.0,977
118,SimpleReflexAgent,2,0.8,2,2,1.0,994
119,SimpleReflexAgent,2,0.8,3,3,1.0,977
120,SimpleReflexAgent,4,0.1,2,2,1.0,980
121,SimpleReflexAgent,4,0.1,2,2,1.0,856
122,SimpleReflexAgent,4,0.1,2,2,1.0,862
123,SimpleReflexAgent,4,0.1,1,1,1.0,977
124,SimpleReflexAgent,4,0.1,2,2,1.0,878
125,SimpleReflexAgent,4,0.1,2,2,1.0,987
126,SimpleReflexAgent,4,0.1,3,3,1.0,904
127,SimpleReflexAgent,4,0.1,1,1,1.0,980
128,SimpleReflexAgent,4,0.1,1,1,1.0,990
129,SimpleReflexAgent,4,0.1,0,0,1.0,1000
130,SimpleReflexAgent,4,0.1,0,0,1.0,1000
131,SimpleReflexAgent,4,0.1,5,5,1.0,941
132,SimpleReflexAgent,4,0.1,2,2,1.0,914
133,SimpleReflexAgent,4,0.1,2,2,1.0,983
134,SimpleReflexAgent,4,0.1,2,2,1.0,994
135,SimpleReflexAgent,4,0.1,0,0,1.0,1000
136,SimpleReflexAgent,4,0.1,2,2,1.0,889
137,SimpleReflexAgent,4,0.1,1,1,1.0,919
138,SimpleReflexAgent,4,0.1,0,0,1.0,1000
139,SimpleReflexAgent,4,0.1,1,1,1.0,978
140,SimpleReflexAgent,4,0.1,3,3,1.0,981
141,SimpleReflexAgent,4,0.1,4,4,1.0,966
142,SimpleReflexAgent,4,0.1,1,1,1.0,979
143,SimpleReflexAgent,4,0.1,1,1,1.0,994
144,SimpleReflexAgent,4,0.1,2,2,1.0,984
145,SimpleReflexAgent,4,0.1,2,2,1.0,979
146,SimpleReflexAgent,4,0.1,1,1,1.0,973
147,SimpleReflexAgent,4,0.1,1,1,1.0,951
148,SimpleReflexAgent,4,0.1,1,1,1.0,960
149,SimpleReflexAgent,4,0.1,1,1,1.0,957
150,SimpleReflexAgent,4,0.2,4,4,1.0,971
151,SimpleReflexAgent,4,0.2,3,3,1.0,956
152,SimpleReflexAgent,4,0.2,3,3,1.0,974
153,SimpleReflexAgent,4,0.2,2,2,1.0,945
154,SimpleReflexAgent,4,0.2,6,6,1.0,980
155,SimpleReflexAgent,4,0.2,1,1,1.0,967
156,SimpleReflexAgent,4,0.2,2,2,1.0,957
157,SimpleReflexAgent,4,0.2,2,2,1.0,918
158,SimpleReflexAgent,4,0.2,4,4,1.0,987
159,SimpleReflexAgent,4,0.2,2,2,1.0,991
160,SimpleReflexAgent,4,0.2,2,2,1.0,989
161,SimpleReflexAgent,4,0.2,2,2,1.0,989
162,SimpleReflexAgent,4,0.2,2,2,1.0,992
163,SimpleReflexAgent,4,0.2,4,4,1.0,977
164,SimpleReflexAgent,4,0.2,2,2,1.0,906
165,SimpleReflexAgent,4,0.2,3,3,1.0,959
166,SimpleReflexAgent,4,0.2,4,4,1.0,944
167,SimpleReflexAgent,4,0.2,0,0,1.0,1000
168,SimpleReflexAgent,4,0.2,2,2,1.0,952
169,SimpleReflexAgent,4,0.2,6,6,1.0,924
170,SimpleReflexAgent,4,0.2,2,2,1.0,978
171,SimpleReflexAgent,4,0.2,4,4,1.0,941
172,SimpleReflexAgent,4,0.2,3,3,1.0,971
173,SimpleReflexAgent,4,0.2,4,4,1.0,902
174,SimpleReflexAgent,4,0.2,4,4,1.0,959
175,SimpleReflexAgent,4,0.2,5,5,1.0,959
176,SimpleReflexAgent,4,0.2,9,9,1.0,934
177,SimpleReflexAgent,4,0.2,5,5,1.0,810
178,SimpleReflexAgent,4,0.2,4,4,1.0,950
179,SimpleReflexAgent,4,0.2,1,1,1.0,976
180,SimpleReflexAgent,4,0.4,6,6,1.0,951
181,SimpleReflexAgent,4,0.4,7,7,1.0,946
182,SimpleReflexAgent,4,0.4,5,5,1.0,899
183,SimpleReflexAgent,4,0.4,9,9,1.0,853
184,SimpleReflexAgent,4,0.4,6,6,1.0,928
185,SimpleReflexAgent,4,0.4,4,4,1.0,987
186,SimpleReflexAgent,4,0.4,5,5,1.0,932
187,SimpleReflexAgent,4,0.4,7,7,1.0,821
188,SimpleReflexAgent,4,0.4,7,7,1.0,938
189,SimpleReflexAgent,4,0.4,3,3,1.0,953
190,SimpleReflexAgent,4,0.4,4,4,1.0,880
191,SimpleReflexAgent,4,0.4,3,3,1.0,975
192,SimpleReflexAgent,4,0.4,5,5,1.0,860
193,SimpleReflexAgent,4,0.4,8,8,1.0,944
194,SimpleReflexAgent,4,0.4,7,7,1.0,944
195,SimpleReflexAgent,4,0.4,7,7,1.0,941
196,SimpleReflexAgent,4,0.4,9,9,1.0,944
197,SimpleReflexAgent,4,0.4,6,6,1.0,931
198,SimpleReflexAgent,4,0.4,5,5,1.0,981
199,SimpleReflexAgent,4,0.4,7,7,1.0,908
200,SimpleReflexAgent,4,0.4,7,7,1.0,902
201,SimpleReflexAgent,4,0.4,7,7,1.0,941
202,SimpleReflexAgent,4,0.4,9,9,1.0,897
203,SimpleReflexAgent,4,0.4,5,5,1.0,919
204,SimpleReflexAgent,4,0.4,4,4,1.0,983
205,SimpleReflexAgent,4,0.4,6,6,1.0,952
206,SimpleReflexAgent,4,0.4,8,8,1.0,944
207,SimpleReflexAgent,4,0.4,8,8,1.0,928
208,SimpleReflexAgent,4,0.4,4,4,1.0,919
209,SimpleReflexAgent,4,0.4,9,9,1.0,944
210,SimpleReflexAgent,4,0.8,13,13,1.0,815
211,SimpleReflexAgent,4,0.8,12,12,1.0,893
212,SimpleReflexAgent,4,0.8,11,11,1.0,899
213,SimpleReflexAgent,4,0.8,12,12,1.0,955
214,SimpleReflexAgent,4,0.8,13,13,1.0,827
215,SimpleReflexAgent,4,0.8,13,13,1.0,936
216,SimpleReflexAgent,4,0.8,11,11,1.0,961
217,SimpleReflexAgent,4,0.8,12,12,1.0,952
218,SimpleReflexAgent,4,0.8,11,11,1.0,918
219,SimpleReflexAgent,4,0.8,16,16,1.0,932
220,SimpleReflexAgent,4,0.8,13,13,1.0,756
221,SimpleReflexAgent,4,0.8,15,15,1.0,857
222,SimpleReflexAgent,4,0.8,16,16,1.0,892
223,SimpleReflexAgent,4,0.8,14,14,1.0,937
224,SimpleReflexAgent,4,0.8,13,13,1.0,925
225,SimpleReflexAgent,4,0.8,14,14,1.0,944
226,SimpleReflexAgent,4,0.8,14,14,1.0,804
227,SimpleReflexAgent,4,0.8,13,13,1.0,895
228,SimpleReflexAgent,4,0.8,12,12,1.0,919
229,SimpleReflexAgent,4,0.8,13,13,1.0,851
230,SimpleReflexAgent,4,0.8,9,9,1.0,918
231,SimpleReflexAgent,4,0.8,12,12,1.0,878
232,SimpleReflexAgent,4,0.8,12,12,1.0,912
233,SimpleReflexAgent,4,0.8,13,13,1.0,909
234,SimpleReflexAgent,4,0.8,15,15,1.0,910
235,SimpleReflexAgent,4,0.8,12,12,1.0,939
236,SimpleReflexAgent,4,0.8,16,16,1.0,921
237,SimpleReflexAgent,4,0.8,15,15,1.0,918
238,SimpleReflexAgent,4,0.8,15,15,1.0,871
239,SimpleReflexAgent,4,0.8,11,11,1.0,877
240,SimpleReflexAgent,8,0.1,4,4,1.0,887
241,SimpleReflexAgent,8,0.1,5,5,1.0,614
242,SimpleReflexAgent,8,0.1,9,9,1.0,372
243,SimpleReflexAgent,8,0.1,4,4,1.0,769
244,SimpleReflexAgent,8,0.1,8,8,1.0,638
245,SimpleReflexAgent,8,0.1,3,3,1.0,921
246,SimpleReflexAgent,8,0.1,0,0,1.0,1000
247,SimpleReflexAgent,8,0.1,7,7,1.0,517
248,SimpleReflexAgent,8,0.1,4,4,1.0,611
249,SimpleReflexAgent,8,0.1,10,10,1.0,645
250,SimpleReflexAgent,8,0.1,7,7,1.0,873
251,SimpleReflexAgent,8,0.1,5,5,1.0,854
252,SimpleReflexAgent,8,0.1,8,7,0.875,0
253,SimpleReflexAgent,8,0.1,1,1,1.0,972
254,SimpleReflexAgent,8,0.1,5,5,1.0,788
255,SimpleReflexAgent,8,0.1,5,5,1.0,551
256,SimpleReflexAgent,8,0.1,8,8,1.0,808
257,SimpleReflexAgent,8,0.1,10,10,1.0,490
258,SimpleReflexAgent,8,0.1,5,5,1.0,868
259,SimpleReflexAgent,8,0.1,6,6,1.0,626
260,SimpleReflexAgent,8,0.1,5,5,1.0,502
261,SimpleReflexAgent,8,0.1,12,12,1.0,696
262,SimpleReflexAgent,8,0.1,3,3,1.0,732
263,SimpleReflexAgent,8,0.1,5,5,1.0,880
264,SimpleReflexAgent,8,0.1,10,10,1.0,340
265,SimpleReflexAgent,8,0.1,9,9,1.0,733
266,SimpleReflexAgent,8,0.1,7,7,1.0,375
267,SimpleReflexAgent,8,0.1,11,11,1.0,541
268,SimpleReflexAgent,8,0.1,3,3,1.0,762
269,SimpleReflexAgent,8,0.1,8,8,1.0,73
270,SimpleReflexAgent,8,0.2,13,11,0.8461538461538461,0
271,SimpleReflexAgent,8,0.2,15,15,1.0,201
272,SimpleReflexAgent,8,0.2,6,6,1.0,37
273,SimpleReflexAgent,8,0.2,10,10,1.0,608
274,SimpleReflexAgent,8,0.2,11,11,1.0,189
275,SimpleReflexAgent,8,0.2,14,14,1.0,550
276,SimpleReflexAgent,8,0.2,15,15,1.0,318
277,SimpleReflexAgent,8,0.2,11,11,1.0,474
278,SimpleReflexAgent,8,0.2,19,19,1.0,537
279,SimpleReflexAgent,8,0.2,14,14,1.0,759
280,SimpleReflexAgent,8,0.2,19,19,1.0,392
281,SimpleReflexAgent,8,0.2,15,15,1.0,426
282,SimpleReflexAgent,8,0.2,11,11,1.0,74
283,SimpleReflexAgent,8,0.2,21,21,1.0,715
284,SimpleReflexAgent,8,0.2,16,16,1.0,146
285,SimpleReflexAgent,8,0.2,13,13,1.0,468
286,SimpleReflexAgent,8,0.2,16,16,1.0,5
287,SimpleReflexAgent,8,0.2,15,15,1.0,635
288,SimpleReflexAgent,8,0.2,16,16,1.0,269
289,SimpleReflexAgent,8,0.2,16,16,1.0,330
290,SimpleReflexAgent,8,0.2,10,10,1.0,404
291,SimpleReflexAgent,8,0.2,10,10,1.0,206
292,SimpleReflexAgent,8,0.2,11,11,1.0,638
293,SimpleReflexAgent,8,0.2,15,15,1.0,378
294,SimpleReflexAgent,8,0.2,15,15,1.0,730
295,SimpleReflexAgent,8,0.2,12,12,1.0,315
296,SimpleReflexAgent,8,0.2,12,12,1.0,344
297,SimpleReflexAgent,8,0.2,9,9,1.0,676
298,SimpleReflexAgent,8,0.2,12,12,1.0,492
299,SimpleReflexAgent,8,0.2,6,6,1.0,843
300,SimpleReflexAgent,8,0.4,26,26,1.0,214
301,SimpleReflexAgent,8,0.4,23,23,1.0,469
302,SimpleReflexAgent,8,0.4,23,23,1.0,359
303,SimpleReflexAgent,8,0.4,29,29,1.0,540
304,SimpleReflexAgent,8,0.4,26,26,1.0,374
305,SimpleReflexAgent,8,0.4,23,23,1.0,101
306,SimpleReflexAgent,8,0.4,28,28,1.0,513
307,SimpleReflexAgent,8,0.4,25,25,1.0,164
308,SimpleReflexAgent,8,0.4,23,23,1.0,60
309,SimpleReflexAgent,8,0.4,27,27,1.0,733
310,SimpleReflexAgent,8,0.4,26,26,1.0,587
311,SimpleReflexAgent,8,0.4,27,27,1.0,365
312,SimpleReflexAgent,8,0.4,24,23,0.9583333333333334,0
313,SimpleReflexAgent,8,0.4,26,25,0.9615384615384616,0
314,SimpleReflexAgent,8,0.4,26,26,1.0,765
315,SimpleReflexAgent,8,0.4,23,23,1.0,757
316,SimpleReflexAgent,8,0.4,21,20,0.9523809523809523,0
317,SimpleReflexAgent,8,0.4,24,24,1.0,192
318,SimpleReflexAgent,8,0.4,20,20,1.0,642
319,SimpleReflexAgent,8,0.4,22,22,1.0,652
320,SimpleReflexAgent,8,0.4,20,20,1.0,591
321,SimpleReflexAgent,8,0.4,27,27,1.0,371
322,SimpleReflexAgent,8,0.4,27,27,1.0,385
323,SimpleReflexAgent,8,0.4,21,21,1.0,559
324,SimpleReflexAgent,8,0.4,25,25,1.0,451
325,SimpleReflexAgent,8,0.4,23,23,1.0,125
326,SimpleReflexAgent,8,0.4,21,21,1.0,563
327,SimpleReflexAgent,8,0.4,25,25,1.0,661
328,SimpleReflexAgent,8,0.4,32,32,1.0,73
329,SimpleReflexAgent,8,0.4,32,32,1.0,270
330,SimpleReflexAgent,8,0.8,41,41,1.0,318
331,SimpleReflexAgent,8,0.8,51,51,1.0,578
332,SimpleReflexAgent,8,0.8,50,50,1.0,672
333,SimpleReflexAgent,8,0.8,50,50,1.0,310
334,SimpleReflexAgent,8,0.8,48,48,1.0,498
335,SimpleReflexAgent,8,0.8,54,51,0.9444444444444444,0
336,SimpleReflexAgent,8,0.8,54,54,1.0,277
337,SimpleReflexAgent,8,0.8,56,56,1.0,65
338,SimpleReflexAgent,8,0.8,50,50,1.0,186
339,SimpleReflexAgent,8,0.8,53,53,1.0,142
340,SimpleReflexAgent,8,0.8,55,54,0.9818181818181818,0
341,SimpleReflexAgent,8,0.8,44,42,0.9545454545454546,0
342,SimpleReflexAgent,8,0.8,54,53,0.9814814814814815,0
343,SimpleReflexAgent,8,0.8,49,49,1.0,296
344,SimpleReflexAgent,8,0.8,45,45,1.0,496
345,SimpleReflexAgent,8,0.8,52,51,0.9807692307692307,0
346,SimpleReflexAgent,8,0.8,47,47,1.0,306
347,SimpleReflexAgent,8,0.8,50,50,1.0,335
348,SimpleReflexAgent,8,0.8,57,57,1.0,453
349,SimpleReflexAgent,8,0.8,52,51,0.9807692307692307,0
350,SimpleReflexAgent,8,0.8,50,50,1.0,44
351,SimpleReflexAgent,8,0.8,56,56,1.0,563
352,SimpleReflexAgent,8,0.8,50,50,1.0,440
353,SimpleReflexAgent,8,0.8,48,48,1.0,214
354,SimpleReflexAgent,8,0.8,48,48,1.0,496
355,SimpleReflexAgent,8,0.8,53,53,1.0,251
356,SimpleReflexAgent,8,0.8,52,52,1.0,434
357,SimpleReflexAgent,8,0.8,53,53,1.0,628
358,SimpleReflexAgent,8,0.8,59,59,1.0,183
359,SimpleReflexAgent,8,0.8,57,57,1.0,491
360,SimpleReflexAgent,16,0.1,19,8,0.42105263157894735,0
361,SimpleReflexAgent,16,0.1,29,25,0.8620689655172413,0
362,SimpleReflexAgent,16,0.1,29,22,0.7586206896551724,0
363,SimpleReflexAgent,16,0.1,26,19,0.7307692307692307,0
364,SimpleReflexAgent,16,0.1,26,22,0.8461538461538461,0
365,SimpleReflexAgent,16,0.1,24,17,0.7083333333333334,0
366,SimpleReflexAgent,16,0.1,29,17,0.5862068965517241,0
367,SimpleReflexAgent,16,0.1,26,22,0.8461538461538461,0
368,SimpleReflexAgent,16,0.1,20,13,0.65,0
369,SimpleReflexAgent,16,0.1,24,19,0.7916666666666666,0
370,SimpleReflexAgent,16,0.1,26,21,0.8076923076923077,0
371,SimpleReflexAgent,16,0.1,22,17,0.7727272727272727,0
372,SimpleReflexAgent,16,0.1,22,17,0.7727272727272727,0
373,SimpleReflexAgent,16,0.1,23,16,0.6956521739130435,0
374,SimpleReflexAgent,16,0.1,20,19,0.95,0
375,SimpleReflexAgent,16,0.1,21,14,0.6666666666666666,0
376,SimpleReflexAgent,16,0.1,24,14,0.5833333333333334,0
377,SimpleReflexAgent,16,0.1,27,22,0.8148148148148148,0
378,SimpleReflexAgent,16,0.1,27,26,0.9629629629629629,0
379,SimpleReflexAgent,16,0.1,26,21,0.8076923076923077,0
380,SimpleReflexAgent,16,0.1,35,18,0.5142857142857142,0
381,SimpleReflexAgent,16,0.1,38,31,0.8157894736842105,0
382,SimpleReflexAgent,16,0.1,32,18,0.5625,0
383,SimpleReflexAgent,16,0.1,24,18,0.75,0
384,SimpleReflexAgent,16,0.1,26,21,0.8076923076923077,0
385,SimpleReflexAgent,16,0.1,19,15,0.7894736842105263,0
386,SimpleReflexAgent,16,0.1,32,22,0.6875,0
387,SimpleReflexAgent,16,0.1,28,20,0.7142857142857143,0
388,SimpleReflexAgent,16,0.1,19,14,0.7368421052631579,0
389,SimpleReflexAgent,16,0.1,18,16,0.8888888888888888,0
390,SimpleReflexAgent,16,0.2,57,50,0.8771929824561403,0
391,SimpleReflexAgent,16,0.2,39,28,0.717948717948718,0
392,SimpleReflexAgent,16,0.2,56,27,0.48214285714285715,0
393,SimpleReflexAgent,16,0.2,48,36,0.75,0
394,SimpleReflexAgent,16,0.2,44,37,0.8409090909090909,0
395,SimpleReflexAgent,16,0.2,61,43,0.7049180327868853,0
396,SimpleReflexAgent,16,0.2,58,52,0.896551724137931,0
397,SimpleReflexAgent,16,0.2,53,42,0.7924528301886793,0
398,SimpleReflexAgent,16,0.2,61,43,0.7049180327868853,0
399,SimpleReflexAgent,16,0.2,45,31,0.6888888888888889,0
400,SimpleReflexAgent,16,0.2,52,38,0.7307692307692307,0
401,SimpleReflexAgent,16,0.2,46,32,0.6956521739130435,0
402,SimpleReflexAgent,16,0.2,65,53,0.8153846153846154,0
403,SimpleReflexAgent,16,0.2,51,43,0.8431372549019608,0
404,SimpleReflexAgent,16,0.2,52,22,0.4230769230769231,0
405,SimpleReflexAgent,16,0.2,52,45,0.8653846153846154,0
406,SimpleReflexAgent,16,0.2,56,40,0.7142857142857143,0
407,SimpleReflexAgent,16,0.2,40,31,0.775,0
408,SimpleReflexAgent,16,0.2,47,39,0.8297872340425532,0
409,SimpleReflexAgent,16,0.2,48,38,0.7916666666666666,0
410,SimpleReflexAgent,16,0.2,49,45,0.9183673469387755,0
411,SimpleReflexAgent,16,0.2,63,46,0.7301587301587301,0
412,SimpleReflexAgent,16,0.2,63,30,0.47619047619047616,0
413,SimpleReflexAgent,16,0.2,45,34,0.7555555555555555,0
414,SimpleReflexAgent,16,0.2,51,28,0.5490196078431373,0
415,SimpleReflexAgent,16,0.2,43,36,0.8372093023255814,0
416,SimpleReflexAgent,16,0.2,52,34,0.6538461538461539,0
417,SimpleReflexAgent,16,0.2,47,34,0.723404255319149,0
418,SimpleReflexAgent,16,0.2,52,37,0.7115384615384616,0
419,SimpleReflexAgent,16,0.2,50,37,0.74,0
420,SimpleReflexAgent,16,0.4,111,88,0.7927927927927928,0
421,SimpleReflexAgent,16,0.4,100,83,0.83,0
422,SimpleReflexAgent,16,0.4,97,67,0.6907216494845361,0
423,SimpleReflexAgent,16,0.4,116,48,0.41379310344827586,0
424,SimpleReflexAgent,16,0.4,108,53,0.49074074074074076,0
425,SimpleReflexAgent,16,0.4,83,63,0.7590361445783133,0
426,SimpleReflexAgent,16,0.4,107,55,0.514018691588785,0
427,SimpleReflexAgent,16,0.4,98,65,0.6632653061224489,0
428,SimpleReflexAgent,16,0.4,100,62,0.62,0
429,SimpleReflexAgent,16,0.4,106,82,0.7735849056603774,0
430,SimpleReflexAgent,16,0.4,104,79,0.7596153846153846,0
431,SimpleReflexAgent,16,0.4,106,77,0.7264150943396226,0
432,SimpleReflexAgent,16,0.4,106,66,0.6226415094339622,0
433,SimpleReflexAgent,16,0.4,112,69,0.6160714285714286,0
434,SimpleReflexAgent,16,0.4,108,65,0.6018518518518519,0
435,SimpleReflexAgent,16,0.4,117,79,0.6752136752136753,0
436,SimpleReflexAgent,16,0.4,108,84,0.7777777777777778,0
437,SimpleReflexAgent,16,0.4,118,87,0.7372881355932204,0
438,SimpleReflexAgent,16,0.4,115,86,0.7478260869565218,0
439,SimpleReflexAgent,16,0.4,98,73,0.7448979591836735,0
440,SimpleReflexAgent,16,0.4,96,74,0.7708333333333334,0
441,SimpleReflexAgent,16,0.4,88,59,0.6704545454545454,0
442,SimpleReflexAgent,16,0.4,93,62,0.6666666666666666,0
443,SimpleReflexAgent,16,0.4,109,84,0.7706422018348624,0
444,SimpleReflexAgent,16,0.4,95,76,0.8,0
445,SimpleReflexAgent,16,0.4,114,88,0.7719298245614035,0
446,SimpleReflexAgent,16,0.4,98,67,0.6836734693877551,0
447,SimpleReflexAgent,16,0.4,116,90,0.7758620689655172,0
448,SimpleReflexAgent,16,0.4,96,57,0.59375,0
449,SimpleReflexAgent,16,0.4,107,74,0.6915887850467289,0
450,SimpleReflexAgent,16,0.8,201,149,0.7412935323383084,0
451,SimpleReflexAgent,16,0.8,205,140,0.6829268292682927,0
452,SimpleReflexAgent,16,0.8,207,134,0.6473429951690821,0
453,SimpleReflexAgent,16,0.8,218,144,0.6605504587155964,0
454,SimpleReflexAgent,16,0.8,204,133,0.6519607843137255,0
455,SimpleReflexAgent,16,0.8,201,101,0.5024875621890548,0
456,SimpleReflexAgent,16,0.8,209,148,0.7081339712918661,0
457,SimpleReflexAgent,16,0.8,201,134,0.6666666666666666,0
458,SimpleReflexAgent,16,0.8,197,106,0.5380710659898477,0
459,SimpleReflexAgent,16,0.8,214,116,0.5420560747663551,0
460,SimpleReflexAgent,16,0.8,197,143,0.7258883248730964,0
461,SimpleReflexAgent,16,0.8,202,161,0.7970297029702971,0
462,SimpleReflexAgent,16,0.8,209,152,0.7272727272727273,0
463,SimpleReflexAgent,16,0.8,199,134,0.6733668341708543,0
464,SimpleReflexAgent,16,0.8,204,160,0.7843137254901961,0
465,SimpleReflexAgent,16,0.8,199,141,0.7085427135678392,0
466,SimpleReflexAgent,16,0.8,213,142,0.6666666666666666,0
467,SimpleReflexAgent,16,0.8,201,170,0.845771144278607,0
468,SimpleReflexAgent,16,0.8,208,164,0.7884615384615384,0
469,SimpleReflexAgent,16,0.8,191,95,0.4973821989528796,0
470,SimpleReflexAgent,16,0.8,197,97,0.49238578680203043,0
471,SimpleReflexAgent,16,0.8,208,153,0.7355769230769231,0
472,SimpleReflexAgent,16,0.8,195,124,0.6358974358974359,0
473,SimpleReflexAgent,16,0.8,206,109,0.529126213592233,0
474,SimpleReflexAgent,16,0.8,217,144,0.663594470046083,0
475,SimpleReflexAgent,16,0.8,200,157,0.785,0
476,SimpleReflexAgent,16,0.8,202,136,0.6732673267326733,0
477,SimpleReflexAgent,16,0.8,206,139,0.6747572815533981,0
478,SimpleReflexAgent,16,0.8,201,159,0.7910447761194029,0
479,SimpleReflexAgent,16,0.8,202,159,0.7871287128712872,0
480,SimpleReflexAgent,32,0.1,84,29,0.34523809523809523,0
481,SimpleReflexAgent,32,0.1,115,31,0.26956521739130435,0
482,SimpleReflexAgent,32,0.1,108,34,0.3148148148148148,0
483,SimpleReflexAgent,32,0.1,107,27,0.2523364485981308,0
484,SimpleReflexAgent,32,0.1,87,23,0.26436781609195403,0
485,SimpleReflexAgent,32,0.1,104,21,0.20192307692307693,0
486,SimpleReflexAgent,32,0.1,108,39,0.3611111111111111,0
487,SimpleReflexAgent,32,0.1,125,39,0.312,0
488,SimpleReflexAgent,32,0.1,99,29,0.29292929292929293,0
489,SimpleReflexAgent,32,0.1,82,30,0.36585365853658536,0
490,SimpleReflexAgent,32,0.1,108,21,0.19444444444444445,0
491,SimpleReflexAgent,32,0.1,99,24,0.24242424242424243,0
492,SimpleReflexAgent,32,0.1,116,32,0.27586206896551724,0
493,SimpleReflexAgent,32,0.1,100,22,0.22,0
494,SimpleReflexAgent,32,0.1,114,24,0.21052631578947367,0
495,SimpleReflexAgent,32,0.1,118,27,0.2288135593220339,0
496,SimpleReflexAgent,32,0.1,104,14,0.1346153846153846,0
497,SimpleReflexAgent,32,0.1,108,34,0.3148148148148148,0
498,SimpleReflexAgent,32,0.1,106,33,0.3113207547169811,0
499,SimpleReflexAgent,32,0.1,100,33,0.33,0
500,SimpleReflexAgent,32,0.1,87,19,0.21839080459770116,0
501,SimpleReflexAgent,32,0.1,83,15,0.18072289156626506,0
502,SimpleReflexAgent,32,0.1,101,24,0.2376237623762376,0
503,SimpleReflexAgent,32,0.1,96,14,0.14583333333333334,0
504,SimpleReflexAgent,32,0.1,88,18,0.20454545454545456,0
505,SimpleReflexAgent,32,0.1,115,36,0.3130434782608696,0
506,SimpleReflexAgent,32,0.1,89,28,0.3146067415730337,0
507,SimpleReflexAgent,32,0.1,92,30,0.32608695652173914,0
508,SimpleReflexAgent,32,0.1,112,41,0.36607142857142855,0
509,SimpleReflexAgent,32,0.1,115,22,0.19130434782608696,0
510,SimpleReflexAgent,32,0.2,204,56,0.27450980392156865,0
511,SimpleReflexAgent,32,0.2,187,59,0.3155080213903743,0
512,SimpleReflexAgent,32,0.2,226,56,0.24778761061946902,0
513,SimpleReflexAgent,32,0.2,212,61,0.28773584905660377,0
514,SimpleReflexAgent,32,0.2,196,45,0.22959183673469388,0
515,SimpleReflexAgent,32,0.2,231,61,0.26406926406926406,0
516,SimpleReflexAgent,32,0.2,242,84,0.34710743801652894,0
517,SimpleReflexAgent,32,0.2,198,58,0.29292929292929293,0
518,SimpleReflexAgent,32,0.2,208,71,0.34134615384615385,0
519,SimpleReflexAgent,32,0.2,196,75,0.3826530612244898,0
520,SimpleReflexAgent,32,0.2,222,43,0.19369369369369369,0
521,SimpleReflexAgent,32,0.2,221,65,0.29411764705882354,0
522,SimpleReflexAgent,32,0.2,206,37,0.1796116504854369,0
523,SimpleReflexAgent,32,0.2,214,72,0.3364485981308411,0
524,SimpleReflexAgent,32,0.2,226,43,0.1902654867256637,0
525,SimpleReflexAgent,32,0.2,203,63,0.3103448275862069,0
526,SimpleReflexAgent,32,0.2,203,54,0.2660098522167488,0
527,SimpleReflexAgent,32,0.2,191,25,0.13089005235602094,0
528,SimpleReflexAgent,32,0.2,210,71,0.3380952380952381,0
529,SimpleReflexAgent,32,0.2,221,26,0.11764705882352941,0
530,SimpleReflexAgent,32,0.2,204,41,0.20098039215686275,0
531,SimpleReflexAgent,32,0.2,202,52,0.25742574257425743,0
532,SimpleReflexAgent,32,0.2,221,62,0.28054298642533937,0
533,SimpleReflexAgent,32,0.2,205,58,0.28292682926829266,0
534,SimpleReflexAgent,32,0.2,214,56,0.2616822429906542,0
535,SimpleReflexAgent,32,0.2,217,54,0.2488479262672811,0
536,SimpleReflexAgent,32,0.2,206,69,0.33495145631067963,0
537,SimpleReflexAgent,32,0.2,227,67,0.29515418502202645,0
538,SimpleReflexAgent,32,0.2,217,76,0.35023041474654376,0
539,SimpleReflexAgent,32,0.2,171,32,0.1871345029239766,0
540,SimpleReflexAgent,32,0.4,443,100,0.22573363431151242,0
541,SimpleReflexAgent,32,0.4,395,120,0.3037974683544304,0
542,SimpleReflexAgent,32,0.4,444,97,0.21846846846846846,0
543,SimpleReflexAgent,32,0.4,409,111,0.2713936430317848,0
544,SimpleReflexAgent,32,0.4,400,129,0.3225,0
545,SimpleReflexAgent,32,0.4,411,118,0.2871046228710462,0
546,SimpleReflexAgent,32,0.4,408,104,0.2549019607843137,0
547,SimpleReflexAgent,32,0.4,404,122,0.30198019801980197,0
548,SimpleReflexAgent,32,0.4,423,105,0.24822695035460993,0
549,SimpleReflexAgent,32,0.4,407,114,0.2800982800982801,0
550,SimpleReflexAgent,32,0.4,392,59,0.15051020408163265,0
551,SimpleReflexAgent,32,0.4,393,100,0.2544529262086514,0
552,SimpleReflexAgent,32,0.4,397,105,0.26448362720403024,0
553,SimpleReflexAgent,32,0.4,413,108,0.26150121065375304,0
554,SimpleReflexAgent,32,0.4,437,125,0.28604118993135014,0
555,SimpleReflexAgent,32,0.4,394,113,0.2868020304568528,0
556,SimpleReflexAgent,32,0.4,401,105,0.26184538653366585,0
557,SimpleReflexAgent,32,0.4,386,83,0.21502590673575128,0
558,SimpleReflexAgent,32,0.4,403,135,0.3349875930521092,0
559,SimpleReflexAgent,32,0.4,392,130,0.33163265306122447,0
560,SimpleReflexAgent,32,0.4,414,139,0.3357487922705314,0
561,SimpleReflexAgent,32,0.4,426,70,0.1643192488262911,0
562,SimpleReflexAgent,32,0.4,441,102,0.23129251700680273,0
563,SimpleReflexAgent,32,0.4,406,106,0.26108374384236455,0
564,SimpleReflexAgent,32,0.4,406,103,0.2536945812807882,0
565,SimpleReflexAgent,32,0.4,407,105,0.257985257985258,0
566,SimpleReflexAgent,32,0.4,429,158,0.3682983682983683,0
567,SimpleReflexAgent,32,0.4,417,101,0.2422062350119904,0
568,SimpleReflexAgent,32,0.4,402,76,0.1890547263681592,0
569,SimpleReflexAgent,32,0.4,397,73,0.18387909319899245,0
570,SimpleReflexAgent,32,0.8,821,233,0.2838002436053593,0
571,SimpleReflexAgent,32,0.8,805,224,0.2782608695652174,0
572,SimpleReflexAgent,32,0.8,830,152,0.18313253012048192,0
573,SimpleReflexAgent,32,0.8,813,222,0.2730627306273063,0
574,SimpleReflexAgent,32,0.8,827,146,0.17654171704957677,0
575,SimpleReflexAgent,32,0.8,807,182,0.2255266418835192,0
576,SimpleReflexAgent,32,0.8,832,188,0.22596153846153846,0
577,SimpleReflexAgent,32,0.8,817,207,0.2533659730722154,0
578,SimpleReflexAgent,32,0.8,819,173,0.21123321123321123,0
579,SimpleReflexAgent,32,0.8,836,188,0.22488038277511962,0
580,SimpleReflexAgent,32,0.8,806,155,0.19230769230769232,0
581,SimpleReflexAgent,32,0.8,845,173,0.20473372781065088,0
582,SimpleReflexAgent,32,0.8,818,164,0.20048899755501223,0
583,SimpleReflexAgent,32,0.8,831,183,0.22021660649819494,0
584,SimpleReflexAgent,32,0.8,833,171,0.20528211284513806,0
585,SimpleReflexAgent,32,0.8,851,127,0.1492361927144536,0
586,SimpleReflexAgent,32,0.8,824,238,0.28883495145631066,0
587,SimpleReflexAgent,32,0.8,789,240,0.3041825095057034,0
588,SimpleReflexAgent,32,0.8,836,205,0.2452153110047847,0
589,SimpleReflexAgent,32,0.8,836,233,0.27870813397129185,0
590,SimpleReflexAgent,32,0.8,835,179,0.21437125748502994,0
591,SimpleReflexAgent,32,0.8,822,235,0.28588807785888076,0
592,SimpleReflexAgent,32,0.8,818,231,0.2823960880195599,0
593,SimpleReflexAgent,32,0.8,816,186,0.22794117647058823,0
594,SimpleReflexAgent,32,0.8,825,230,0.2787878787878788,0
595,SimpleReflexAgent,32,0.8,839,198,0.2359952324195471,0
596,SimpleReflexAgent,32,0.8,826,182,0.22033898305084745,0
597,SimpleReflexAgent,32,0.8,810,107,0.13209876543209875,0
598,SimpleReflexAgent,32,0.8,806,162,0.20099255583126552,0
599,SimpleReflexAgent,32,0.8,812,156,0.1921182266009852,0
600,SimpleReflexAgent,64,0.1,434,54,0.12442396313364056,0
601,SimpleReflexAgent,64,0.1,408,39,0.09558823529411764,0
602,SimpleReflexAgent,64,0.1,411,28,0.0681265206812652,0
603,SimpleReflexAgent,64,0.1,460,38,0.08260869565217391,0
604,SimpleReflexAgent,64,0.1,412,32,0.07766990291262135,0
605,SimpleReflexAgent,64,0.1,407,14,0.0343980343980344,0
606,SimpleReflexAgent,64,0.1,399,25,0.06265664160401002,0
607,SimpleReflexAgent,64,0.1,400,32,0.08,0
608,SimpleReflexAgent,64,0.1,385,30,0.07792207792207792,0
609,SimpleReflexAgent,64,0.1,413,33,0.07990314769975787,0
610,SimpleReflexAgent,64,0.1,417,36,0.08633093525179857,0
611,SimpleReflexAgent,64,0.1,397,32,0.08060453400503778,0
612,SimpleReflexAgent,64,0.1,378,32,0.08465608465608465,0
613,SimpleReflexAgent,64,0.1,409,43,0.10513447432762836,0
614,SimpleReflexAgent,64,0.1,424,28,0.0660377358490566,0
615,SimpleReflexAgent,64,0.1,411,41,0.09975669099756691,0
616,SimpleReflexAgent,64,0.1,407,22,0.05405405405405406,0
617,SimpleReflexAgent,64,0.1,413,31,0.07506053268765134,0
618,SimpleReflexAgent,64,0.1,370,33,0.0891891891891892,0
619,SimpleReflexAgent,64,0.1,423,32,0.07565011820330969,0
620,SimpleReflexAgent,64,0.1,397,25,0.06297229219143577,0
621,SimpleReflexAgent,64,0.1,452,34,0.0752212389380531,0
622,SimpleReflexAgent,64,0.1,453,44,0.09713024282560706,0
623,SimpleReflexAgent,64,0.1,408,53,0.12990196078431374,0
624,SimpleReflexAgent,64,0.1,450,53,0.11777777777777777,0
625,SimpleReflexAgent,64,0.1,352,25,0.07102272727272728,0
626,SimpleReflexAgent,64,0.1,407,35,0.085995085995086,0
627,SimpleReflexAgent,64,0.1,380,37,0.09736842105263158,0
628,SimpleReflexAgent,64,0.1,403,27,0.06699751861042183,0
629,SimpleReflexAgent,64,0.1,408,34,0.08333333333333333,0
630,SimpleReflexAgent,64,0.2,824,66,0.08009708737864078,0
631,SimpleReflexAgent,64,0.2,825,67,0.08121212121212121,0
632,SimpleReflexAgent,64,0.2,784,65,0.08290816326530612,0
633,SimpleReflexAgent,64,0.2,776,54,0.06958762886597938,0
634,SimpleReflexAgent,64,0.2,873,88,0.10080183276059565,0
635,SimpleReflexAgent,64,0.2,838,68,0.081145584725537,0
636,SimpleReflexAgent,64,0.2,827,65,0.07859733978234583,0
637,SimpleReflexAgent,64,0.2,842,59,0.07007125890736342,0
638,SimpleReflexAgent,64,0.2,830,68,0.0819277108433735,0
639,SimpleReflexAgent,64,0.2,796,52,0.06532663316582915,0
640,SimpleReflexAgent,64,0.2,801,50,0.062421972534332085,0
641,SimpleReflexAgent,64,0.2,818,81,0.09902200488997555,0
642,SimpleReflexAgent,64,0.2,814,47,0.05773955773955774,0
643,SimpleReflexAgent,64,0.2,805,81,0.10062111801242236,0
644,SimpleReflexAgent,64,0.2,831,83,0.09987966305655836,0
645,SimpleReflexAgent,64,0.2,819,64,0.07814407814407814,0
646,SimpleReflexAgent,64,0.2,792,50,0.06313131313131314,0
647,SimpleReflexAgent,64,0.2,841,38,0.04518430439952437,0
648,SimpleReflexAgent,64,0.2,808,70,0.08663366336633663,0
649,SimpleReflexAgent,64,0.2,813,57,0.07011070110701106,0
650,SimpleReflexAgent,64,0.2,862,41,0.04756380510440835,0
651,SimpleReflexAgent,64,0.2,855,69,0.08070175438596491,0
652,SimpleReflexAgent,64,0.2,810,79,0.09753086419753086,0
653,SimpleReflexAgent,64,0.2,859,52,0.06053550640279395,0
654,SimpleReflexAgent,64,0.2,810,69,0.08518518518518518,0
655,SimpleReflexAgent,64,0.2,781,38,0.04865556978233035,0
656,SimpleReflexAgent,64,0.2,814,58,0.07125307125307126,0
657,SimpleReflexAgent,64,0.2,823,67,0.08140947752126367,0
658,SimpleReflexAgent,64,0.2,835,62,0.07425149700598803,0
659,SimpleReflexAgent,64,0.2,828,45,0.05434782608695652,0
660,SimpleReflexAgent,64,0.4,1659,90,0.054249547920433995,0
661,SimpleReflexAgent,64,0.4,1604,132,0.08229426433915212,0
662,SimpleReflexAgent,64,0.4,1657,127,0.07664453832226917,0
663,SimpleReflexAgent,64,0.4,1673,107,0.0639569635385535,0
664,SimpleReflexAgent,64,0.4,1619,129,0.07967881408276714,0
665,SimpleReflexAgent,64,0.4,1616,100,0.06188118811881188,0
666,SimpleReflexAgent,64,0.4,1648,142,0.08616504854368932,0
667,SimpleReflexAgent,64,0.4,1652,113,0.06840193704600485,0
668,SimpleReflexAgent,64,0.4,1615,75,0.04643962848297214,0
669,SimpleReflexAgent,64,0.4,1650,107,0.06484848484848485,0
670,SimpleReflexAgent,64,0.4,1612,100,0.062034739454094295,0
671,SimpleReflexAgent,64,0.4,1678,130,0.07747318235995232,0
672,SimpleReflexAgent,64,0.4,1601,140,0.08744534665833854,0
673,SimpleReflexAgent,64,0.4,1623,97,0.05976586568083796,0
674,SimpleReflexAgent,64,0.4,1684,137,0.08135391923990498,0
675,SimpleReflexAgent,64,0.4,1604,145,0.09039900249376559,0
676,SimpleReflexAgent,64,0.4,1532,131,0.08550913838120104,0
677,SimpleReflexAgent,64,0.4,1601,133,0.08307307932542161,0
678,SimpleReflexAgent,64,0.4,1662,110,0.06618531889290012,0
679,SimpleReflexAgent,64,0.4,1680,129,0.07678571428571429,0
680,SimpleReflexAgent,64,0.4,1609,117,0.07271597265382225,0
681,SimpleReflexAgent,64,0.4,1682,112,0.06658739595719382,0
682,SimpleReflexAgent,64,0.4,1634,139,0.0850673194614443,0
683,SimpleReflexAgent,64,0.4,1703,108,0.06341749853200235,0
684,SimpleReflexAgent,64,0.4,1645,103,0.06261398176291794,0
685,SimpleReflexAgent,64,0.4,1636,111,0.0678484107579462,0
686,SimpleReflexAgent,64,0.4,1673,117,0.06993424985056784,0
687,SimpleReflexAgent,64,0.4,1586,120,0.07566204287515763,0
688,SimpleReflexAgent,64,0.4,1623,111,0.06839186691312385,0
689,SimpleReflexAgent,64,0.4,1608,152,0.0945273631840796,0
690,SimpleReflexAgent,64,0.8,3254,199,0.061155500921942225,0
691,SimpleReflexAgent,64,0.8,3244,219,0.06750924784217016,0
692,SimpleReflexAgent,64,0.8,3269,267,0.08167635362496176,0
693,SimpleReflexAgent,64,0.8,3279,272,0.08295211954864289,0
694,SimpleReflexAgent,64,0.8,3257,171,0.052502302732575994,0
695,SimpleReflexAgent,64,0.8,3286,222,0.06755934266585514,0
696,SimpleReflexAgent,64,0.8,3264,237,0.07261029411764706,0
697,SimpleReflexAgent,64,0.8,3303,233,0.07054193157735392,0
698,SimpleReflexAgent,64,0.8,3301,237,0.07179642532565889,0
699,SimpleReflexAgent,64,0.8,3320,198,0.05963855421686747,0
700,SimpleReflexAgent,64,0.8,3278,239,0.07291031116534472,0
701,SimpleReflexAgent,64,0.8,3264,255,0.078125,0
702,SimpleReflexAgent,64,0.8,3258,189,0.058011049723756904,0
703,SimpleReflexAgent,64,0.8,3281,249,0.07589149649497104,0
704,SimpleReflexAgent,64,0.8,3293,203,0.06164591557849985,0
705,SimpleReflexAgent,64,0.8,3263,232,0.07110021452650934,0
706,SimpleReflexAgent,64,0.8,3320,241,0.07259036144578314,0
707,SimpleReflexAgent,64,0.8,3286,138,0.041996348143639686,0
708,SimpleReflexAgent,64,0.8,3255,236,0.07250384024577573,0
709,SimpleReflexAgent,64,0.8,3275,226,0.06900763358778626,0
710,SimpleReflexAgent,64,0.8,3298,164,0.04972710733778047,0
711,SimpleReflexAgent,64,0.8,3276,206,0.06288156288156288,0
712,SimpleReflexAgent,64,0.8,3317,213,0.06421465179378957,0
713,SimpleReflexAgent,64,0.8,3305,251,0.07594553706505296,0
714,SimpleReflexAgent,64,0.8,3275,239,0.07297709923664122,0
715,SimpleReflexAgent,64,0.8,3262,216,0.06621704475781728,0
716,SimpleReflexAgent,64,0.8,3238,165,0.0509573810994441,0
717,SimpleReflexAgent,64,0.8,3331,266,0.07985589912939058,0
718,SimpleReflexAgent,64,0.8,3255,217,0.06666666666666667,0
719,SimpleReflexAgent,64,0.8,3266,148,0.0453153704837722,0
720,SimpleReflexAgent,128,0.1,1621,27,0.016656384947563233,0
721,SimpleReflexAgent,128,0.1,1609,40,0.024860161591050343,0
722,SimpleReflexAgent,128,0.1,1609,36,0.022374145431945307,0
723,SimpleReflexAgent,128,0.1,1660,30,0.018072289156626505,0
724,SimpleReflexAgent,128,0.1,1647,32,0.019429265330904676,0
725,SimpleReflexAgent,128,0.1,1624,25,0.01539408866995074,0
726,SimpleReflexAgent,128,0.1,1568,33,0.021045918367346938,0
727,SimpleReflexAgent,128,0.1,1690,35,0.020710059171597635,0
728,SimpleReflexAgent,128,0.1,1621,28,0.01727328809376928,0
729,SimpleReflexAgent,128,0.1,1623,42,0.025878003696857672,0
730,SimpleReflexAgent,128,0.1,1636,34,0.02078239608801956,0
731,SimpleReflexAgent,128,0.1,1603,36,0.022457891453524642,0
732,SimpleReflexAgent,128,0.1,1701,20,0.011757789535567314,0
733,SimpleReflexAgent,128,0.1,1647,41,0.024893746205221615,0
734,SimpleReflexAgent,128,0.1,1667,30,0.017996400719856028,0
735,SimpleReflexAgent,128,0.1,1636,42,0.02567237163814181,0
736,SimpleReflexAgent,128,0.1,1704,32,0.018779342723004695,0
737,SimpleReflexAgent,128,0.1,1628,28,0.0171990171990172,0
738,SimpleReflexAgent,128,0.1,1662,34,0.02045728038507822,0
739,SimpleReflexAgent,128,0.1,1692,39,0.02304964539007092,0
740,SimpleReflexAgent,128,0.1,1652,35,0.0211864406779661,0
741,SimpleReflexAgent,128,0.1,1645,27,0.01641337386018237,0
742,SimpleReflexAgent,128,0.1,1629,38,0.02332719459791283,0
743,SimpleReflexAgent,128,0.1,1652,31,0.018765133171912834,0
744,SimpleReflexAgent,128,0.1,1609,34,0.02113113735239279,0
745,SimpleReflexAgent,128,0.1,1617,34,0.021026592455163882,0
746,SimpleReflexAgent,128,0.1,1705,45,0.026392961876832845,0
747,SimpleReflexAgent,128,0.1,1679,35,0.02084574151280524,0
748,SimpleReflexAgent,128,0.1,1663,39,0.02345159350571257,0
749,SimpleReflexAgent,128,0.1,1596,43,0.02694235588972431,0
750,SimpleReflexAgent,128,0.2,3259,39,0.011966861000306842,0
751,SimpleReflexAgent,128,0.2,3244,64,0.01972872996300863,0
752,SimpleReflexAgent,128,0.2,3268,51,0.015605875152998777,0
753,SimpleReflexAgent,128,0.2,3287,78,0.02372984484332218,0
754,SimpleReflexAgent,128,0.2,3263,81,0.02482378179589335,0
755,SimpleReflexAgent,128,0.2,3326,50,0.01503307276007216,0
756,SimpleReflexAgent,128,0.2,3349,69,0.020603165123917588,0
757,SimpleReflexAgent,128,0.2,3172,57,0.017969735182849937,0
758,SimpleReflexAgent,128,0.2,3270,59,0.018042813455657492,0
759,SimpleReflexAgent,128,0.2,3192,68,0.021303258145363407,0
760,SimpleReflexAgent,128,0.2,3187,90,0.028239723878255414,0
761,SimpleReflexAgent,128,0.2,3183,51,0.016022620169651274,0
762,SimpleReflexAgent,128,0.2,3281,81,0.024687595245352027,0
763,SimpleReflexAgent,128,0.2,3359,68,0.02024412027389104,0
764,SimpleReflexAgent,128,0.2,3313,74,0.022336251131904617,0
765,SimpleReflexAgent,128,0.2,3232,67,0.02073019801980198,0
766,SimpleReflexAgent,128,0.2,3279,60,0.018298261665141813,0
767,SimpleReflexAgent,128,0.2,3313,74,0.022336251131904617,0
768,SimpleReflexAgent,128,0.2,3217,63,0.019583462853590302,0
769,SimpleReflexAgent,128,0.2,3379,91,0.026931044687777447,0
770,SimpleReflexAgent,128,0.2,3205,46,0.014352574102964118,0
771,SimpleReflexAgent,128,0.2,3334,48,0.014397120575884824,0
772,SimpleReflexAgent,128,0.2,3253,70,0.02151859821703043,0
773,SimpleReflexAgent,128,0.2,3300,61,0.018484848484848486,0
774,SimpleReflexAgent,128,0.2,3269,83,0.025390027531355153,0
775,SimpleReflexAgent,128,0.2,3292,55,0.016707168894289186,0
776,SimpleReflexAgent,128,0.2,3273,57,0.017415215398716773,0
777,SimpleReflexAgent,128,0.2,3195,64,0.02003129890453834,0
778,SimpleReflexAgent,128,0.2,3264,82,0.025122549019607844,0
779,SimpleReflexAgent,128,0.2,3178,78,0.024543738200125866,0
780,SimpleReflexAgent,128,0.4,6563,88,0.013408502209355478,0
781,SimpleReflexAgent,128,0.4,6550,129,0.01969465648854962,0
782,SimpleReflexAgent,128,0.4,6533,138,0.021123526710546455,0
783,SimpleReflexAgent,128,0.4,6520,133,0.02039877300613497,0
784,SimpleReflexAgent,128,0.4,6512,115,0.01765970515970516,0
785,SimpleReflexAgent,128,0.4,6581,117,0.01777845312262574,0
786,SimpleReflexAgent,128,0.4,6481,119,0.018361363987039036,0
787,SimpleReflexAgent,128,0.4,6576,126,0.01916058394160584,0
788,SimpleReflexAgent,128,0.4,6595,120,0.01819560272934041,0
789,SimpleReflexAgent,128,0.4,6614,127,0.019201693377683703,0
790,SimpleReflexAgent,128,0.4,6645,119,0.017908201655379985,0
791,SimpleReflexAgent,128,0.4,6656,133,0.019981971153846152,0
792,SimpleReflexAgent,128,0.4,6553,103,0.015717991759499467,0
793,SimpleReflexAgent,128,0.4,6615,93,0.014058956916099773,0
794,SimpleReflexAgent,128,0.4,6568,115,0.01750913520097442,0
795,SimpleReflexAgent,128,0.4,6453,134,0.020765535409886873,0
796,SimpleReflexAgent,128,0.4,6482,128,0.01974699166923789,0
797,SimpleReflexAgent,128,0.4,6479,116,0.0179039975304831,0
798,SimpleReflexAgent,128,0.4,6631,108,0.016287136178555272,0
799,SimpleReflexAgent,128,0.4,6536,141,0.02157282741738066,0
800,SimpleReflexAgent,128,0.4,6575,133,0.020228136882129277,0
801,SimpleReflexAgent,128,0.4,6512,133,0.020423832923832923,0
802,SimpleReflexAgent,128,0.4,6491,105,0.016176244030195654,0
803,SimpleReflexAgent,128,0.4,6452,117,0.018133911965282083,0
804,SimpleReflexAgent,128,0.4,6454,106,0.01642392314843508,0
805,SimpleReflexAgent,128,0.4,6563,145,0.022093554776778913,0
806,SimpleReflexAgent,128,0.4,6545,138,0.021084797555385792,0
807,SimpleReflexAgent,128,0.4,6436,118,0.018334369173399628,0
808,SimpleReflexAgent,128,0.4,6499,120,0.018464379135251577,0
809,SimpleReflexAgent,128,0.4,6581,107,0.01625892721470901,0
810,SimpleReflexAgent,128,0.8,13112,223,0.01700732153752288,0
811,SimpleReflexAgent,128,0.8,13180,193,0.01464339908952959,0
812,SimpleReflexAgent,128,0.8,13131,252,0.019191226867717615,0
813,SimpleReflexAgent,128,0.8,13111,243,0.018534055373350622,0
814,SimpleReflexAgent,128,0.8,13169,233,0.01769306705140861,0
815,SimpleReflexAgent,128,0.8,13102,246,0.018775759426041826,0
816,SimpleReflexAgent,128,0.8,13112,209,0.015939597315436243,0
817,SimpleReflexAgent,128,0.8,13137,217,0.01651823095074979,0
818,SimpleReflexAgent,128,0.8,13047,236,0.0180884494519813,0
819,SimpleReflexAgent,128,0.8,13108,265,0.020216661580714067,0
820,SimpleReflexAgent,128,0.8,13095,230,0.017563955708285606,0
821,SimpleReflexAgent,128,0.8,13073,217,0.016599097376271705,0
822,SimpleReflexAgent,128,0.8,13116,221,0.016849649283318086,0
823,SimpleReflexAgent,128,0.8,13134,245,0.018653875437795037,0
824,SimpleReflexAgent,128,0.8,13122,218,0.016613321140070112,0
825,SimpleReflexAgent,128,0.8,13142,252,0.019175163597625933,0
826,SimpleReflexAgent,128,0.8,13081,220,0.016818286063756592,0
827,SimpleReflexAgent,128,0.8,13087,193,0.01474745931076641,0
828,SimpleReflexAgent,128,0.8,13072,227,0.017365361077111383,0
829,SimpleReflexAgent,128,0.8,13145,232,0.017649296310384175,0
830,SimpleReflexAgent,128,0.8,13125,244,0.018590476190476192,0
831,SimpleReflexAgent,128,0.8,13076,190,0.01453043744264301,0
832,SimpleReflexAgent,128,0.8,13055,272,0.020834929145921104,0
833,SimpleReflexAgent,128,0.8,13057,244,0.01868729417170866,0
834,SimpleReflexAgent,128,0.8,13108,203,0.015486725663716814,0
835,SimpleReflexAgent,128,0.8,13127,266,0.020263578883217795,0
836,SimpleReflexAgent,128,0.8,13271,216,0.01627609072413533,0
837,SimpleReflexAgent,128,0.8,13123,243,0.018517107368741903,0
838,SimpleReflexAgent,128,0.8,13033,262,0.020102815928796133,0
839,SimpleReflexAgent,128,0.8,13163,243,0.018460837195168275,0
840,DumbAgent,2,0.1,0,0,1.0,1000
841,DumbAgent,2,0.1,1,1,1.0,991
842,DumbAgent,2,0.1,1,1,1.0,997
843,DumbAgent,2,0.1,0,0,1.0,1000
844,DumbAgent,2,0.1,1,1,1.0,997
845,DumbAgent,2,0.1,0,0,1.0,1000
846,DumbAgent,2,0.1,1,1,1.0,908
847,DumbAgent,2,0.1,0,0,1.0,1000
848,DumbAgent,2,0.1,0,0,1.0,1000
849,DumbAgent,2,0.1,1,1,1.0,985
850,DumbAgent,2,0.1,0,0,1.0,1000
851,DumbAgent,2,0.1,1,1,1.0,951
852,DumbAgent,2,0.1,0,0,1.0,1000
853,DumbAgent,2,0.1,0,0,1.0,1000
854,DumbAgent,2,0.1,2,2,1.0,994
855,DumbAgent,2,0.1,0,0,1.0,1000
856,DumbAgent,2,0.1,0,0,1.0,1000
857,DumbAgent,2,0.1,0,0,1.0,1000
858,DumbAgent,2,0.1,1,1,1.0,996
859,DumbAgent,2,0.1,1,1,1.0,996
860,DumbAgent,2,0.1,1,1,1.0,988
861,DumbAgent,2,0.1,0,0,1.0,1000
862,DumbAgent,2,0.1,0,0,1.0,1000
863,DumbAgent,2,0.1,0,0,1.0,1000
864,DumbAgent,2,0.1,1,1,1.0,955
865,DumbAgent,2,0.1,0,0,1.0,1000
866,DumbAgent,2,0.1,2,2,1.0,909
867,DumbAgent,2,0.1,1,1,1.0,946
868,DumbAgent,2,0.1,0,0,1.0,1000
869,DumbAgent,2,0.1,1,1,1.0,992
870,DumbAgent,2,0.2,1,1,1.0,985
871,DumbAgent,2,0.2,1,1,1.0,990
872,DumbAgent,2,0.2,0,0,1.0,1000
873,DumbAgent,2,0.2,1,1,1.0,992
874,DumbAgent,2,0.2,1,1,1.0,999
875,DumbAgent,2,0.2,1,1,1.0,915
876,DumbAgent,2,0.2,0,0,1.0,1000
877,DumbAgent,2,0.2,0,0,1.0,1000
878,DumbAgent,2,0.2,0,0,1.0,1000
879,DumbAgent,2,0.2,2,2,1.0,962
880,DumbAgent,2,0.2,2,2,1.0,878
881,DumbAgent,2,0.2,0,0,1.0,1000
882,DumbAgent,2,0.2,0,0,1.0,1000
883,DumbAgent,2,0.2,1,1,1.0,994
884,DumbAgent,2,0.2,0,0,1.0,1000
885,DumbAgent,2,0.2,2,2,1.0,771
886,DumbAgent,2,0.2,2,2,1.0,992
887,DumbAgent,2,0.2,0,0,1.0,1000
888,DumbAgent,2,0.2,1,1,1.0,951
889,DumbAgent,2,0.2,0,0,1.0,1000
890,DumbAgent,2,0.2,2,2,1.0,986
891,DumbAgent,2,0.2,1,1,1.0,970
892,DumbAgent,2,0.2,2,2,1.0,992
893,DumbAgent,2,0.2,1,1,1.0,986
894,DumbAgent,2,0.2,0,0,1.0,1000
895,DumbAgent,2,0.2,2,2,1.0,946
896,DumbAgent,2,0.2,0,0,1.0,1000
897,DumbAgent,2,0.2,0,0,1.0,1000
898,DumbAgent,2,0.2,0,0,1.0,1000
899,DumbAgent,2,0.2,1,1,1.0,963
900,DumbAgent,2,0.4,2,2,1.0,957
901,DumbAgent,2,0.4,3,3,1.0,914
902,DumbAgent,2,0.4,1,1,1.0,979
903,DumbAgent,2,0.4,2,2,1.0,967
904,DumbAgent,2,0.4,2,2,1.0,981
905,DumbAgent,2,0.4,3,3,1.0,896
906,DumbAgent,2,0.4,2,2,1.0,931
907,DumbAgent,2,0.4,1,1,1.0,976
908,DumbAgent,2,0.4,2,2,1.0,981
909,DumbAgent,2,0.4,2,2,1.0,976
910,DumbAgent,2,0.4,1,1,1.0,994
911,DumbAgent,2,0.4,2,2,1.0,988
912,DumbAgent,2,0.4,2,2,1.0,912
913,DumbAgent,2,0.4,1,1,1.0,986
914,DumbAgent,2,0.4,0,0,1.0,1000
915,DumbAgent,2,0.4,2,2,1.0,969
916,DumbAgent,2,0.4,2,2,1.0,960
917,DumbAgent,2,0.4,2,2,1.0,986
918,DumbAgent,2,0.4,3,3,1.0,866
919,DumbAgent,2,0.4,1,1,1.0,940
920,DumbAgent,2,0.4,3,3,1.0,972
921,DumbAgent,2,0.4,3,3,1.0,982
922,DumbAgent,2,0.4,0,0,1.0,1000
923,DumbAgent,2,0.4,2,2,1.0,979
924,DumbAgent,2,0.4,2,2,1.0,975
925,DumbAgent,2,0.4,3,3,1.0,966
926,DumbAgent,2,0.4,0,0,1.0,1000
927,DumbAgent,2,0.4,1,1,1.0,982
928,DumbAgent,2,0.4,1,1,1.0,994
929,DumbAgent,2,0.4,2,2,1.0,993
930,DumbAgent,2,0.8,4,4,1.0,932
931,DumbAgent,2,0.8,4,4,1.0,947
932,DumbAgent,2,0.8,4,4,1.0,987
933,DumbAgent,2,0.8,2,2,1.0,978
934,DumbAgent,2,0.8,2,2,1.0,978
935,DumbAgent,2,0.8,4,4,1.0,966
936,DumbAgent,2,0.8,1,1,1.0,964
937,DumbAgent,2,0.8,4,4,1.0,967
938,DumbAgent,2,0.8,3,3,1.0,959
939,DumbAgent,2,0.8,4,4,1.0,922
940,DumbAgent,2,0.8,2,2,1.0,960
941,DumbAgent,2,0.8,4,4,1.0,958
942,DumbAgent,2,0.8,3,3,1.0,974
943,DumbAgent,2,0.8,4,4,1.0,960
944,DumbAgent,2,0.8,3,3,1.0,924
945,DumbAgent,2,0.8,3,3,1.0,966
946,DumbAgent,2,0.8,4,4,1.0,944
947,DumbAgent,2,0.8,4,4,1.0,950
948,DumbAgent,2,0.8,4,4,1.0,958
949,DumbAgent,2,0.8,3,3,1.0,979
950,DumbAgent,2,0.8,4,4,1.0,957
951,DumbAgent,2,0.8,2,2,1.0,995
952,DumbAgent,2,0.8,3,3,1.0,896
953,DumbAgent,2,0.8,3,3,1.0,963
954,DumbAgent,2,0.8,3,3,1.0,987
955,DumbAgent,2,0.8,3,3,1.0,982
956,DumbAgent,2,0.8,3,3,1.0,993
957,DumbAgent,2,0.8,4,4,1.0,947
958,DumbAgent,2,0.8,2,2,1.0,810
959,DumbAgent,2,0.8,3,3,1.0,947
960,DumbAgent,4,0.1,2,2,1.0,750
961,DumbAgent,4,0.1,1,1,1.0,461
962,DumbAgent,4,0.1,4,4,1.0,914
963,DumbAgent,4,0.1,2,2,1.0,878
964,DumbAgent,4,0.1,1,1,1.0,909
965,DumbAgent,4,0.1,2,2,1.0,894
966,DumbAgent,4,0.1,1,1,1.0,829
967,DumbAgent,4,0.1,1,1,1.0,963
968,DumbAgent,4,0.1,2,2,1.0,644
969,DumbAgent,4,0.1,1,1,1.0,371
970,DumbAgent,4,0.1,0,0,1.0,1000
971,DumbAgent,4,0.1,2,2,1.0,821
972,DumbAgent,4,0.1,2,2,1.0,956
973,DumbAgent,4,0.1,4,4,1.0,831
974,DumbAgent,4,0.1,2,2,1.0,570
975,DumbAgent,4,0.1,1,1,1.0,867
976,DumbAgent,4,0.1,0,0,1.0,1000
977,DumbAgent,4,0.1,2,2,1.0,858
978,DumbAgent,4,0.1,1,1,1.0,816
979,DumbAgent,4,0.1,3,3,1.0,798
980,DumbAgent,4,0.1,0,0,1.0,1000
981,DumbAgent,4,0.1,1,1,1.0,640
982,DumbAgent,4,0.1,0,0,1.0,1000
983,DumbAgent,4,0.1,2,2,1.0,926
984,DumbAgent,4,0.1,2,2,1.0,954
985,DumbAgent,4,0.1,1,1,1.0,851
986,DumbAgent,4,0.1,1,1,1.0,978
987,DumbAgent,4,0.1,0,0,1.0,1000
988,DumbAgent,4,0.1,2,2,1.0,656
989,DumbAgent,4,0.1,2,2,1.0,732
990,DumbAgent,4,0.2,3,3,1.0,678
991,DumbAgent,4,0.2,2,2,1.0,971
992,DumbAgent,4,0.2,3,3,1.0,780
993,DumbAgent,4,0.2,1,1,1.0,674
994,DumbAgent,4,0.2,3,3,1.0,861
995,DumbAgent,4,0.2,1,1,1.0,912
996,DumbAgent,4,0.2,4,4,1.0,676
997,DumbAgent,4,0.2,6,6,1.0,614
998,DumbAgent,4,0.2,2,2,1.0,668
999,DumbAgent,4,0.2,2,2,1.0,895
1000,DumbAgent,4,0.2,1,1,1.0,741
1001,DumbAgent,4,0.2,6,6,1.0,711
1002,DumbAgent,4,0.2,4,4,1.0,623
1003,DumbAgent,4,0.2,3,3,1.0,694
1004,DumbAgent,4,0.2,3,3,1.0,636
1005,DumbAgent,4,0.2,4,4,1.0,728
1006,DumbAgent,4,0.2,4,4,1.0,838
1007,DumbAgent,4,0.2,4,4,1.0,675
1008,DumbAgent,4,0.2,1,1,1.0,935
1009,DumbAgent,4,0.2,2,2,1.0,909
1010,DumbAgent,4,0.2,5,5,1.0,781
1011,DumbAgent,4,0.2,5,5,1.0,812
1012,DumbAgent,4,0.2,3,3,1.0,711
1013,DumbAgent,4,0.2,3,3,1.0,812
1014,DumbAgent,4,0.2,3,3,1.0,755
1015,DumbAgent,4,0.2,3,3,1.0,825
1016,DumbAgent,4,0.2,4,4,1.0,579
1017,DumbAgent,4,0.2,3,3,1.0,796
1018,DumbAgent,4,0.2,6,6,1.0,760
1019,DumbAgent,4,0.2,4,4,1.0,488
1020,DumbAgent,4,0.4,7,7,1.0,607
1021,DumbAgent,4,0.4,8,8,1.0,650
1022,DumbAgent,4,0.4,5,5,1.0,783
1023,DumbAgent,4,0.4,5,5,1.0,425
1024,DumbAgent,4,0.4,7,7,1.0,402
1025,DumbAgent,4,0.4,6,6,1.0,737
1026,DumbAgent,4,0.4,8,8,1.0,388
1027,DumbAgent,4,0.4,8,8,1.0,611
1028,DumbAgent,4,0.4,6,6,1.0,576
1029,DumbAgent,4,0.4,2,2,1.0,700
1030,DumbAgent,4,0.4,11,11,1.0,742
1031,DumbAgent,4,0.4,6,6,1.0,868
1032,DumbAgent,4,0.4,5,5,1.0,553
1033,DumbAgent,4,0.4,6,6,1.0,391
1034,DumbAgent,4,0.4,4,4,1.0,769
1035,DumbAgent,4,0.4,6,6,1.0,255
1036,DumbAgent,4,0.4,7,7,1.0,595
1037,DumbAgent,4,0.4,8,8,1.0,826
1038,DumbAgent,4,0.4,7,7,1.0,816
1039,DumbAgent,4,0.4,7,7,1.0,652
1040,DumbAgent,4,0.4,7,7,1.0,403
1041,DumbAgent,4,0.4,5,5,1.0,849
1042,DumbAgent,4,0.4,7,7,1.0,836
1043,DumbAgent,4,0.4,1,1,1.0,897
1044,DumbAgent,4,0.4,6,6,1.0,702
1045,DumbAgent,4,0.4,6,6,1.0,600
1046,DumbAgent,4,0.4,3,3,1.0,734
1047,DumbAgent,4,0.4,7,7,1.0,839
1048,DumbAgent,4,0.4,7,7,1.0,900
1049,DumbAgent,4,0.4,4,4,1.0,763
1050,DumbAgent,4,0.8,11,11,1.0,714
1051,DumbAgent,4,0.8,13,13,1.0,708
1052,DumbAgent,4,0.8,13,13,1.0,888
1053,DumbAgent,4,0.8,13,13,1.0,789
1054,DumbAgent,4,0.8,12,12,1.0,727
1055,DumbAgent,4,0.8,13,12,0.9230769230769231,0
1056,DumbAgent,4,0.8,15,15,1.0,679
1057,DumbAgent,4,0.8,12,11,0.9166666666666666,0
1058,DumbAgent,4,0.8,13,13,1.0,271
1059,DumbAgent,4,0.8,10,10,1.0,749
1060,DumbAgent,4,0.8,14,14,1.0,610
1061,DumbAgent,4,0.8,15,14,0.9333333333333333,0
1062,DumbAgent,4,0.8,14,14,1.0,561
1063,DumbAgent,4,0.8,14,14,1.0,436
1064,DumbAgent,4,0.8,13,13,1.0,528
1065,DumbAgent,4,0.8,11,11,1.0,647
1066,DumbAgent,4,0.8,12,12,1.0,584
1067,DumbAgent,4,0.8,13,13,1.0,612
1068,DumbAgent,4,0.8,13,13,1.0,587
1069,DumbAgent,4,0.8,14,14,1.0,576
1070,DumbAgent,4,0.8,15,15,1.0,639
1071,DumbAgent,4,0.8,12,12,1.0,261
1072,DumbAgent,4,0.8,11,11,1.0,400
1073,DumbAgent,4,0.8,15,15,1.0,657
1074,DumbAgent,4,0.8,15,15,1.0,631
1075,DumbAgent,4,0.8,12,12,1.0,750
1076,DumbAgent,4,0.8,12,12,1.0,466
1077,DumbAgent,4,0.8,16,16,1.0,763
1078,DumbAgent,4,0.8,12,12,1.0,385
1079,DumbAgent,4,0.8,14,14,1.0,440
1080,DumbAgent,8,0.1,9,8,0.8888888888888888,0
1081,DumbAgent,8,0.1,9,7,0.7777777777777778,0
1082,DumbAgent,8,0.1,8,8,1.0,144
1083,DumbAgent,8,0.1,4,4,1.0,165
1084,DumbAgent,8,0.1,7,7,1.0,642
1085,DumbAgent,8,0.1,9,7,0.7777777777777778,0
1086,DumbAgent,8,0.1,5,5,1.0,343
1087,DumbAgent,8,0.1,6,4,0.6666666666666666,0
1088,DumbAgent,8,0.1,6,5,0.8333333333333334,0
1089,DumbAgent,8,0.1,4,4,1.0,879
1090,DumbAgent,8,0.1,10,7,0.7,0
1091,DumbAgent,8,0.1,5,5,1.0,241
1092,DumbAgent,8,0.1,11,9,0.8181818181818182,0
1093,DumbAgent,8,0.1,7,5,0.7142857142857143,0
1094,DumbAgent,8,0.1,8,6,0.75,0
1095,DumbAgent,8,0.1,4,3,0.75,0
1096,DumbAgent,8,0.1,4,3,0.75,0
1097,DumbAgent,8,0.1,9,8,0.8888888888888888,0
1098,DumbAgent,8,0.1,10,6,0.6,0
1099,DumbAgent,8,0.1,6,6,1.0,97
1100,DumbAgent,8,0.1,4,4,1.0,411
1101,DumbAgent,8,0.1,4,4,1.0,616
1102,DumbAgent,8,0.1,6,5,0.8333333333333334,0
1103,DumbAgent,8,0.1,7,5,0.7142857142857143,0
1104,DumbAgent,8,0.1,8,7,0.875,0
1105,DumbAgent,8,0.1,5,5,1.0,286
1106,DumbAgent,8,0.1,5,4,0.8,0
1107,DumbAgent,8,0.1,7,7,1.0,126
1108,DumbAgent,8,0.1,3,2,0.6666666666666666,0
1109,DumbAgent,8,0.1,6,3,0.5,0
1110,DumbAgent,8,0.2,16,14,0.875,0
1111,DumbAgent,8,0.2,14,12,0.8571428571428571,0
1112,DumbAgent,8,0.2,15,13,0.8666666666666667,0
1113,DumbAgent,8,0.2,11,10,0.9090909090909091,0
1114,DumbAgent,8,0.2,16,16,1.0,235
1115,DumbAgent,8,0.2,16,14,0.875,0
1116,DumbAgent,8,0.2,16,12,0.75,0
1117,DumbAgent,8,0.2,17,14,0.8235294117647058,0
1118,DumbAgent,8,0.2,9,7,0.7777777777777778,0
1119,DumbAgent,8,0.2,11,9,0.8181818181818182,0
1120,DumbAgent,8,0.2,11,9,0.8181818181818182,0
1121,DumbAgent,8,0.2,13,13,1.0,265
1122,DumbAgent,8,0.2,18,18,1.0,195
1123,DumbAgent,8,0.2,5,3,0.6,0
1124,DumbAgent,8,0.2,16,16,1.0,138
1125,DumbAgent,8,0.2,14,11,0.7857142857142857,0
1126,DumbAgent,8,0.2,10,8,0.8,0
1127,DumbAgent,8,0.2,8,6,0.75,0
1128,DumbAgent,8,0.2,15,14,0.9333333333333333,0
1129,DumbAgent,8,0.2,16,11,0.6875,0
1130,DumbAgent,8,0.2,13,9,0.6923076923076923,0
1131,DumbAgent,8,0.2,9,8,0.8888888888888888,0
1132,DumbAgent,8,0.2,11,10,0.9090909090909091,0
1133,DumbAgent,8,0.2,14,12,0.8571428571428571,0
1134,DumbAgent,8,0.2,8,8,1.0,103
1135,DumbAgent,8,0.2,8,7,0.875,0
1136,DumbAgent,8,0.2,15,13,0.8666666666666667,0
1137,DumbAgent,8,0.2,16,11,0.6875,0
1138,DumbAgent,8,0.2,8,8,1.0,521
1139,DumbAgent,8,0.2,12,11,0.9166666666666666,0
1140,DumbAgent,8,0.4,27,24,0.8888888888888888,0
1141,DumbAgent,8,0.4,25,21,0.84,0
1142,DumbAgent,8,0.4,21,17,0.8095238095238095,0
1143,DumbAgent,8,0.4,25,22,0.88,0
1144,DumbAgent,8,0.4,24,20,0.8333333333333334,0
1145,DumbAgent,8,0.4,28,20,0.7142857142857143,0
1146,DumbAgent,8,0.4,28,26,0.9285714285714286,0
1147,DumbAgent,8,0.4,27,21,0.7777777777777778,0
1148,DumbAgent,8,0.4,24,17,0.7083333333333334,0
1149,DumbAgent,8,0.4,33,30,0.9090909090909091,0
1150,DumbAgent,8,0.4,25,21,0.84,0
1151,DumbAgent,8,0.4,24,22,0.9166666666666666,0
1152,DumbAgent,8,0.4,23,18,0.782608695652174,0
1153,DumbAgent,8,0.4,26,21,0.8076923076923077,0
1154,DumbAgent,8,0.4,28,25,0.8928571428571429,0
1155,DumbAgent,8,0.4,23,21,0.9130434782608695,0
1156,DumbAgent,8,0.4,26,21,0.8076923076923077,0
1157,DumbAgent,8,0.4,30,28,0.9333333333333333,0
1158,DumbAgent,8,0.4,25,21,0.84,0
1159,DumbAgent,8,0.4,29,25,0.8620689655172413,0
1160,DumbAgent,8,0.4,24,23,0.9583333333333334,0
1161,DumbAgent,8,0.4,25,18,0.72,0
1162,DumbAgent,8,0.4,26,23,0.8846153846153846,0
1163,DumbAgent,8,0.4,29,27,0.9310344827586207,0
1164,DumbAgent,8,0.4,21,19,0.9047619047619048,0
1165,DumbAgent,8,0.4,36,33,0.9166666666666666,0
1166,DumbAgent,8,0.4,26,22,0.8461538461538461,0
1167,DumbAgent,8,0.4,26,22,0.8461538461538461,0
1168,DumbAgent,8,0.4,20,14,0.7,0
1169,DumbAgent,8,0.4,27,24,0.8888888888888888,0
1170,DumbAgent,8,0.8,51,45,0.8823529411764706,0
1171,DumbAgent,8,0.8,56,47,0.8392857142857143,0
1172,DumbAgent,8,0.8,53,46,0.8679245283018868,0
1173,DumbAgent,8,0.8,49,41,0.8367346938775511,0
1174,DumbAgent,8,0.8,51,45,0.8823529411764706,0
1175,DumbAgent,8,0.8,47,42,0.8936170212765957,0
1176,DumbAgent,8,0.8,51,45,0.8823529411764706,0
1177,DumbAgent,8,0.8,52,46,0.8846153846153846,0
1178,DumbAgent,8,0.8,51,43,0.8431372549019608,0
1179,DumbAgent,8,0.8,53,48,0.9056603773584906,0
1180,DumbAgent,8,0.8,54,47,0.8703703703703703,0
1181,DumbAgent,8,0.8,50,40,0.8,0
1182,DumbAgent,8,0.8,54,46,0.8518518518518519,0
1183,DumbAgent,8,0.8,48,46,0.9583333333333334,0
1184,DumbAgent,8,0.8,51,43,0.8431372549019608,0
1185,DumbAgent,8,0.8,53,46,0.8679245283018868,0
1186,DumbAgent,8,0.8,50,39,0.78,0
1187,DumbAgent,8,0.8,51,47,0.9215686274509803,0
1188,DumbAgent,8,0.8,45,38,0.8444444444444444,0
1189,DumbAgent,8,0.8,48,33,0.6875,0
1190,DumbAgent,8,0.8,53,45,0.8490566037735849,0
1191,DumbAgent,8,0.8,49,43,0.8775510204081632,0
1192,DumbAgent,8,0.8,48,37,0.7708333333333334,0
1193,DumbAgent,8,0.8,46,38,0.8260869565217391,0
1194,DumbAgent,8,0.8,45,39,0.8666666666666667,0
1195,DumbAgent,8,0.8,44,38,0.8636363636363636,0
1196,DumbAgent,8,0.8,50,45,0.9,0
1197,DumbAgent,8,0.8,48,43,0.8958333333333334,0
1198,DumbAgent,8,0.8,51,42,0.8235294117647058,0
1199,DumbAgent,8,0.8,57,51,0.8947368421052632,0
1200,DumbAgent,16,0.1,31,15,0.4838709677419355,0
1201,DumbAgent,16,0.1,33,11,0.3333333333333333,0
1202,DumbAgent,16,0.1,23,11,0.4782608695652174,0
1203,DumbAgent,16,0.1,28,6,0.21428571428571427,0
1204,DumbAgent,16,0.1,22,13,0.5909090909090909,0
1205,DumbAgent,16,0.1,31,7,0.22580645161290322,0
1206,DumbAgent,16,0.1,33,13,0.3939393939393939,0
1207,DumbAgent,16,0.1,24,7,0.2916666666666667,0
1208,DumbAgent,16,0.1,32,11,0.34375,0
1209,DumbAgent,16,0.1,23,10,0.43478260869565216,0
1210,DumbAgent,16,0.1,23,5,0.21739130434782608,0
1211,DumbAgent,16,0.1,31,8,0.25806451612903225,0
1212,DumbAgent,16,0.1,24,12,0.5,0
1213,DumbAgent,16,0.1,18,10,0.5555555555555556,0
1214,DumbAgent,16,0.1,22,10,0.45454545454545453,0
1215,DumbAgent,16,0.1,25,10,0.4,0
1216,DumbAgent,16,0.1,29,10,0.3448275862068966,0
1217,DumbAgent,16,0.1,23,12,0.5217391304347826,0
1218,DumbAgent,16,0.1,27,7,0.25925925925925924,0
1219,DumbAgent,16,0.1,20,10,0.5,0
1220,DumbAgent,16,0.1,28,15,0.5357142857142857,0
1221,DumbAgent,16,0.1,36,16,0.4444444444444444,0
1222,DumbAgent,16,0.1,20,7,0.35,0
1223,DumbAgent,16,0.1,21,8,0.38095238095238093,0
1224,DumbAgent,16,0.1,27,9,0.3333333333333333,0
1225,DumbAgent,16,0.1,27,11,0.4074074074074074,0
1226,DumbAgent,16,0.1,22,5,0.22727272727272727,0
1227,DumbAgent,16,0.1,32,9,0.28125,0
1228,DumbAgent,16,0.1,17,6,0.35294117647058826,0
1229,DumbAgent,16,0.1,23,10,0.43478260869565216,0
1230,DumbAgent,16,0.2,56,20,0.35714285714285715,0
1231,DumbAgent,16,0.2,50,14,0.28,0
1232,DumbAgent,16,0.2,50,19,0.38,0
1233,DumbAgent,16,0.2,39,13,0.3333333333333333,0
1234,DumbAgent,16,0.2,53,23,0.4339622641509434,0
1235,DumbAgent,16,0.2,53,19,0.3584905660377358,0
1236,DumbAgent,16,0.2,40,8,0.2,0
1237,DumbAgent,16,0.2,56,25,0.44642857142857145,0
1238,DumbAgent,16,0.2,50,20,0.4,0
1239,DumbAgent,16,0.2,57,18,0.3157894736842105,0
1240,DumbAgent,16,0.2,46,20,0.43478260869565216,0
1241,DumbAgent,16,0.2,59,25,0.423728813559322,0
1242,DumbAgent,16,0.2,55,13,0.23636363636363636,0
1243,DumbAgent,16,0.2,53,16,0.3018867924528302,0
1244,DumbAgent,16,0.2,49,24,0.4897959183673469,0
1245,DumbAgent,16,0.2,47,15,0.3191489361702128,0
1246,DumbAgent,16,0.2,49,16,0.32653061224489793,0
1247,DumbAgent,16,0.2,49,17,0.3469387755102041,0
1248,DumbAgent,16,0.2,56,20,0.35714285714285715,0
1249,DumbAgent,16,0.2,53,22,0.41509433962264153,0
1250,DumbAgent,16,0.2,49,16,0.32653061224489793,0
1251,DumbAgent,16,0.2,54,19,0.35185185185185186,0
1252,DumbAgent,16,0.2,52,22,0.4230769230769231,0
1253,DumbAgent,16,0.2,55,31,0.5636363636363636,0
1254,DumbAgent,16,0.2,49,14,0.2857142857142857,0
1255,DumbAgent,16,0.2,59,20,0.3389830508474576,0
1256,DumbAgent,16,0.2,48,19,0.3958333333333333,0
1257,DumbAgent,16,0.2,57,21,0.3684210526315789,0
1258,DumbAgent,16,0.2,54,21,0.3888888888888889,0
1259,DumbAgent,16,0.2,47,14,0.2978723404255319,0
1260,DumbAgent,16,0.4,99,40,0.40404040404040403,0
1261,DumbAgent,16,0.4,115,46,0.4,0
1262,DumbAgent,16,0.4,97,39,0.4020618556701031,0
1263,DumbAgent,16,0.4,104,33,0.3173076923076923,0
1264,DumbAgent,16,0.4,103,38,0.36893203883495146,0
1265,DumbAgent,16,0.4,113,52,0.46017699115044247,0
1266,DumbAgent,16,0.4,103,29,0.2815533980582524,0
1267,DumbAgent,16,0.4,98,40,0.40816326530612246,0
1268,DumbAgent,16,0.4,104,33,0.3173076923076923,0
1269,DumbAgent,16,0.4,105,38,0.3619047619047619,0
1270,DumbAgent,16,0.4,102,34,0.3333333333333333,0
1271,DumbAgent,16,0.4,94,41,0.43617021276595747,0
1272,DumbAgent,16,0.4,113,52,0.46017699115044247,0
1273,DumbAgent,16,0.4,90,39,0.43333333333333335,0
1274,DumbAgent,16,0.4,103,32,0.3106796116504854,0
1275,DumbAgent,16,0.4,96,35,0.3645833333333333,0
1276,DumbAgent,16,0.4,116,52,0.4482758620689655,0
1277,DumbAgent,16,0.4,93,38,0.40860215053763443,0
1278,DumbAgent,16,0.4,114,45,0.39473684210526316,0
1279,DumbAgent,16,0.4,99,26,0.26262626262626265,0
1280,DumbAgent,16,0.4,92,36,0.391304347826087,0
1281,DumbAgent,16,0.4,92,36,0.391304347826087,0
1282,DumbAgent,16,0.4,104,42,0.40384615384615385,0
1283,DumbAgent,16,0.4,107,37,0.34579439252336447,0
1284,DumbAgent,16,0.4,105,39,0.37142857142857144,0
1285,DumbAgent,16,0.4,103,39,0.3786407766990291,0
1286,DumbAgent,16,0.4,104,29,0.27884615384615385,0
1287,DumbAgent,16,0.4,115,37,0.3217391304347826,0
1288,DumbAgent,16,0.4,100,36,0.36,0
1289,DumbAgent,16,0.4,106,41,0.3867924528301887,0
1290,DumbAgent,16,0.8,208,73,0.35096153846153844,0
1291,DumbAgent,16,0.8,218,70,0.3211009174311927,0
1292,DumbAgent,16,0.8,210,78,0.37142857142857144,0
1293,DumbAgent,16,0.8,208,78,0.375,0
1294,DumbAgent,16,0.8,207,72,0.34782608695652173,0
1295,DumbAgent,16,0.8,203,77,0.3793103448275862,0
1296,DumbAgent,16,0.8,199,60,0.3015075376884422,0
1297,DumbAgent,16,0.8,206,68,0.3300970873786408,0
1298,DumbAgent,16,0.8,207,78,0.37681159420289856,0
1299,DumbAgent,16,0.8,199,79,0.3969849246231156,0
1300,DumbAgent,16,0.8,208,62,0.2980769230769231,0
1301,DumbAgent,16,0.8,211,79,0.3744075829383886,0
1302,DumbAgent,16,0.8,210,91,0.43333333333333335,0
1303,DumbAgent,16,0.8,203,78,0.3842364532019704,0
1304,DumbAgent,16,0.8,201,59,0.2935323383084577,0
1305,DumbAgent,16,0.8,206,81,0.3932038834951456,0
1306,DumbAgent,16,0.8,198,71,0.35858585858585856,0
1307,DumbAgent,16,0.8,214,84,0.3925233644859813,0
1308,DumbAgent,16,0.8,205,74,0.36097560975609755,0
1309,DumbAgent,16,0.8,204,77,0.37745098039215685,0
1310,DumbAgent,16,0.8,206,79,0.38349514563106796,0
1311,DumbAgent,16,0.8,206,91,0.441747572815534,0
1312,DumbAgent,16,0.8,205,67,0.32682926829268294,0
1313,DumbAgent,16,0.8,199,74,0.37185929648241206,0
1314,DumbAgent,16,0.8,196,77,0.39285714285714285,0
1315,DumbAgent,16,0.8,201,76,0.3781094527363184,0
1316,DumbAgent,16,0.8,203,74,0.3645320197044335,0
1317,DumbAgent,16,0.8,216,73,0.33796296296296297,0
1318,DumbAgent,16,0.8,197,96,0.4873096446700508,0
1319,DumbAgent,16,0.8,198,82,0.41414141414141414,0
1320,DumbAgent,32,0.1,91,10,0.10989010989010989,0
1321,DumbAgent,32,0.1,107,5,0.04672897196261682,0
1322,DumbAgent,32,0.1,115,8,0.06956521739130435,0
1323,DumbAgent,32,0.1,102,7,0.06862745098039216,0
1324,DumbAgent,32,0.1,116,11,0.09482758620689655,0
1325,DumbAgent,32,0.1,118,11,0.09322033898305085,0
1326,DumbAgent,32,0.1,97,10,0.10309278350515463,0
1327,DumbAgent,32,0.1,97,11,0.1134020618556701,0
1328,DumbAgent,32,0.1,91,14,0.15384615384615385,0
1329,DumbAgent,32,0.1,86,19,0.22093023255813954,0
1330,DumbAgent,32,0.1,111,11,0.0990990990990991,0
1331,DumbAgent,32,0.1,93,7,0.07526881720430108,0
1332,DumbAgent,32,0.1,105,14,0.13333333333333333,0
1333,DumbAgent,32,0.1,107,11,0.102803738317757,0
1334,DumbAgent,32,0.1,104,13,0.125,0
1335,DumbAgent,32,0.1,98,10,0.10204081632653061,0
1336,DumbAgent,32,0.1,103,10,0.0970873786407767,0
1337,DumbAgent,32,0.1,103,11,0.10679611650485436,0
1338,DumbAgent,32,0.1,100,14,0.14,0
1339,DumbAgent,32,0.1,105,10,0.09523809523809523,0
1340,DumbAgent,32,0.1,100,9,0.09,0
1341,DumbAgent,32,0.1,108,9,0.08333333333333333,0
1342,DumbAgent,32,0.1,115,9,0.0782608695652174,0
1343,DumbAgent,32,0.1,94,8,0.0851063829787234,0
1344,DumbAgent,32,0.1,101,14,0.13861386138613863,0
1345,DumbAgent,32,0.1,92,10,0.10869565217391304,0
1346,DumbAgent,32,0.1,89,13,0.14606741573033707,0
1347,DumbAgent,32,0.1,95,7,0.07368421052631578,0
1348,DumbAgent,32,0.1,107,13,0.12149532710280374,0
1349,DumbAgent,32,0.1,87,9,0.10344827586206896,0
1350,DumbAgent,32,0.2,212,26,0.12264150943396226,0
1351,DumbAgent,32,0.2,211,12,0.05687203791469194,0
1352,DumbAgent,32,0.2,178,15,0.08426966292134831,0
1353,DumbAgent,32,0.2,200,17,0.085,0
1354,DumbAgent,32,0.2,216,33,0.1527777777777778,0
1355,DumbAgent,32,0.2,209,22,0.10526315789473684,0
1356,DumbAgent,32,0.2,210,27,0.12857142857142856,0
1357,DumbAgent,32,0.2,214,23,0.10747663551401869,0
1358,DumbAgent,32,0.2,212,15,0.07075471698113207,0
1359,DumbAgent,32,0.2,207,17,0.0821256038647343,0
1360,DumbAgent,32,0.2,207,20,0.0966183574879227,0
1361,DumbAgent,32,0.2,221,32,0.14479638009049775,0
1362,DumbAgent,32,0.2,195,27,0.13846153846153847,0
1363,DumbAgent,32,0.2,191,11,0.05759162303664921,0
1364,DumbAgent,32,0.2,201,31,0.15422885572139303,0
1365,DumbAgent,32,0.2,201,26,0.12935323383084577,0
1366,DumbAgent,32,0.2,180,20,0.1111111111111111,0
1367,DumbAgent,32,0.2,221,32,0.14479638009049775,0
1368,DumbAgent,32,0.2,202,20,0.09900990099009901,0
1369,DumbAgent,32,0.2,195,14,0.07179487179487179,0
1370,DumbAgent,32,0.2,192,18,0.09375,0
1371,DumbAgent,32,0.2,207,26,0.12560386473429952,0
1372,DumbAgent,32,0.2,185,18,0.0972972972972973,0
1373,DumbAgent,32,0.2,210,32,0.1523809523809524,0
1374,DumbAgent,32,0.2,199,27,0.135678391959799,0
1375,DumbAgent,32,0.2,183,16,0.08743169398907104,0
1376,DumbAgent,32,0.2,210,19,0.09047619047619047,0
1377,DumbAgent,32,0.2,212,18,0.08490566037735849,0
1378,DumbAgent,32,0.2,208,22,0.10576923076923077,0
1379,DumbAgent,32,0.2,196,23,0.11734693877551021,0
1380,DumbAgent,32,0.4,411,36,0.08759124087591241,0
1381,DumbAgent,32,0.4,404,37,0.09158415841584158,0
1382,DumbAgent,32,0.4,423,39,0.09219858156028368,0
1383,DumbAgent,32,0.4,400,56,0.14,0
1384,DumbAgent,32,0.4,422,34,0.08056872037914692,0
1385,DumbAgent,32,0.4,418,39,0.09330143540669857,0
1386,DumbAgent,32,0.4,407,36,0.08845208845208845,0
1387,DumbAgent,32,0.4,403,35,0.08684863523573201,0
1388,DumbAgent,32,0.4,417,35,0.08393285371702638,0
1389,DumbAgent,32,0.4,427,46,0.10772833723653395,0
1390,DumbAgent,32,0.4,396,34,0.08585858585858586,0
1391,DumbAgent,32,0.4,399,55,0.13784461152882205,0
1392,DumbAgent,32,0.4,412,51,0.12378640776699029,0
1393,DumbAgent,32,0.4,418,59,0.14114832535885166,0
1394,DumbAgent,32,0.4,383,41,0.10704960835509138,0
1395,DumbAgent,32,0.4,415,54,0.13012048192771083,0
1396,DumbAgent,32,0.4,395,43,0.10886075949367088,0
1397,DumbAgent,32,0.4,439,53,0.12072892938496584,0
1398,DumbAgent,32,0.4,409,52,0.1271393643031785,0
1399,DumbAgent,32,0.4,414,42,0.10144927536231885,0
1400,DumbAgent,32,0.4,391,39,0.09974424552429667,0
1401,DumbAgent,32,0.4,412,41,0.09951456310679611,0
1402,DumbAgent,32,0.4,388,51,0.13144329896907217,0
1403,DumbAgent,32,0.4,426,48,0.11267605633802817,0
1404,DumbAgent,32,0.4,396,52,0.13131313131313133,0
1405,DumbAgent,32,0.4,435,49,0.11264367816091954,0
1406,DumbAgent,32,0.4,406,41,0.10098522167487685,0
1407,DumbAgent,32,0.4,410,39,0.0951219512195122,0
1408,DumbAgent,32,0.4,421,57,0.13539192399049882,0
1409,DumbAgent,32,0.4,380,37,0.09736842105263158,0
1410,DumbAgent,32,0.8,809,94,0.1161928306551298,0
1411,DumbAgent,32,0.8,817,86,0.10526315789473684,0
1412,DumbAgent,32,0.8,818,89,0.10880195599022005,0
1413,DumbAgent,32,0.8,807,109,0.13506815365551425,0
1414,DumbAgent,32,0.8,829,66,0.07961399276236429,0
1415,DumbAgent,32,0.8,811,87,0.10727496917385944,0
1416,DumbAgent,32,0.8,820,89,0.10853658536585366,0
1417,DumbAgent,32,0.8,823,103,0.12515188335358446,0
1418,DumbAgent,32,0.8,833,88,0.1056422569027611,0
1419,DumbAgent,32,0.8,827,85,0.10278113663845223,0
1420,DumbAgent,32,0.8,836,89,0.10645933014354067,0
1421,DumbAgent,32,0.8,823,94,0.11421628189550426,0
1422,DumbAgent,32,0.8,842,93,0.11045130641330166,0
1423,DumbAgent,32,0.8,822,84,0.10218978102189781,0
1424,DumbAgent,32,0.8,824,97,0.11771844660194175,0
1425,DumbAgent,32,0.8,829,107,0.12907117008443908,0
1426,DumbAgent,32,0.8,804,77,0.09577114427860696,0
1427,DumbAgent,32,0.8,811,84,0.10357583230579531,0
1428,DumbAgent,32,0.8,829,100,0.12062726176115803,0
1429,DumbAgent,32,0.8,826,84,0.1016949152542373,0
1430,DumbAgent,32,0.8,840,81,0.09642857142857143,0
1431,DumbAgent,32,0.8,820,104,0.12682926829268293,0
1432,DumbAgent,32,0.8,815,70,0.08588957055214724,0
1433,DumbAgent,32,0.8,809,103,0.1273176761433869,0
1434,DumbAgent,32,0.8,803,90,0.11207970112079702,0
1435,DumbAgent,32,0.8,845,105,0.1242603550295858,0
1436,DumbAgent,32,0.8,817,85,0.10403916768665851,0
1437,DumbAgent,32,0.8,832,87,0.1045673076923077,0
1438,DumbAgent,32,0.8,814,88,0.10810810810810811,0
1439,DumbAgent,32,0.8,819,94,0.11477411477411477,0
1440,DumbAgent,64,0.1,387,11,0.028423772609819122,0
1441,DumbAgent,64,0.1,433,14,0.03233256351039261,0
1442,DumbAgent,64,0.1,411,12,0.029197080291970802,0
1443,DumbAgent,64,0.1,411,14,0.0340632603406326,0
1444,DumbAgent,64,0.1,419,19,0.045346062052505964,0
1445,DumbAgent,64,0.1,419,8,0.01909307875894988,0
1446,DumbAgent,64,0.1,397,5,0.012594458438287154,0
1447,DumbAgent,64,0.1,451,14,0.031042128603104215,0
1448,DumbAgent,64,0.1,393,10,0.02544529262086514,0
1449,DumbAgent,64,0.1,387,8,0.020671834625323,0
1450,DumbAgent,64,0.1,413,19,0.04600484261501211,0
1451,DumbAgent,64,0.1,418,7,0.01674641148325359,0
1452,DumbAgent,64,0.1,408,17,0.041666666666666664,0
1453,DumbAgent,64,0.1,404,13,0.03217821782178218,0
1454,DumbAgent,64,0.1,398,6,0.01507537688442211,0
1455,DumbAgent,64,0.1,419,15,0.03579952267303103,0
1456,DumbAgent,64,0.1,404,7,0.017326732673267328,0
1457,DumbAgent,64,0.1,408,7,0.01715686274509804,0
1458,DumbAgent,64,0.1,427,14,0.03278688524590164,0
1459,DumbAgent,64,0.1,398,11,0.02763819095477387,0
1460,DumbAgent,64,0.1,416,6,0.014423076923076924,0
1461,DumbAgent,64,0.1,415,9,0.021686746987951807,0
1462,DumbAgent,64,0.1,413,18,0.043583535108958835,0
1463,DumbAgent,64,0.1,437,13,0.029748283752860413,0
1464,DumbAgent,64,0.1,417,12,0.02877697841726619,0
1465,DumbAgent,64,0.1,445,15,0.033707865168539325,0
1466,DumbAgent,64,0.1,389,8,0.02056555269922879,0
1467,DumbAgent,64,0.1,411,14,0.0340632603406326,0
1468,DumbAgent,64,0.1,422,9,0.02132701421800948,0
1469,DumbAgent,64,0.1,429,11,0.02564102564102564,0
1470,DumbAgent,64,0.2,841,19,0.022592152199762187,0
1471,DumbAgent,64,0.2,787,16,0.020330368487928845,0
1472,DumbAgent,64,0.2,808,24,0.0297029702970297,0
1473,DumbAgent,64,0.2,820,26,0.03170731707317073,0
1474,DumbAgent,64,0.2,817,23,0.028151774785801713,0
1475,DumbAgent,64,0.2,809,28,0.034610630407911,0
1476,DumbAgent,64,0.2,828,27,0.03260869565217391,0
1477,DumbAgent,64,0.2,837,19,0.022700119474313024,0
1478,DumbAgent,64,0.2,800,23,0.02875,0
1479,DumbAgent,64,0.2,830,27,0.03253012048192771,0
1480,DumbAgent,64,0.2,838,24,0.028639618138424822,0
1481,DumbAgent,64,0.2,848,22,0.025943396226415096,0
1482,DumbAgent,64,0.2,801,24,0.0299625468164794,0
1483,DumbAgent,64,0.2,797,26,0.03262233375156838,0
1484,DumbAgent,64,0.2,815,21,0.025766871165644172,0
1485,DumbAgent,64,0.2,842,25,0.029691211401425176,0
1486,DumbAgent,64,0.2,806,21,0.026054590570719603,0
1487,DumbAgent,64,0.2,820,25,0.03048780487804878,0
1488,DumbAgent,64,0.2,840,23,0.02738095238095238,0
1489,DumbAgent,64,0.2,790,20,0.02531645569620253,0
1490,DumbAgent,64,0.2,818,24,0.029339853300733496,0
1491,DumbAgent,64,0.2,837,23,0.027479091995221028,0
1492,DumbAgent,64,0.2,841,16,0.019024970273483946,0
1493,DumbAgent,64,0.2,772,18,0.023316062176165803,0
1494,DumbAgent,64,0.2,827,26,0.03143893591293833,0
1495,DumbAgent,64,0.2,864,20,0.023148148148148147,0
1496,DumbAgent,64,0.2,802,24,0.029925187032418952,0
1497,DumbAgent,64,0.2,773,13,0.016817593790426907,0
1498,DumbAgent,64,0.2,821,35,0.04263093788063337,0
1499,DumbAgent,64,0.2,804,22,0.02736318407960199,0
1500,DumbAgent,64,0.4,1697,50,0.02946375957572186,0
1501,DumbAgent,64,0.4,1653,43,0.02601330913490623,0
1502,DumbAgent,64,0.4,1607,43,0.026757934038581208,0
1503,DumbAgent,64,0.4,1654,33,0.01995163240628779,0
1504,DumbAgent,64,0.4,1623,43,0.02649414664202095,0
1505,DumbAgent,64,0.4,1623,55,0.033887861983980284,0
1506,DumbAgent,64,0.4,1582,56,0.035398230088495575,0
1507,DumbAgent,64,0.4,1616,35,0.021658415841584157,0
1508,DumbAgent,64,0.4,1631,42,0.02575107296137339,0
1509,DumbAgent,64,0.4,1650,63,0.038181818181818185,0
1510,DumbAgent,64,0.4,1631,45,0.027590435315757205,0
1511,DumbAgent,64,0.4,1721,48,0.02789076118535735,0
1512,DumbAgent,64,0.4,1599,35,0.021888680425265792,0
1513,DumbAgent,64,0.4,1654,36,0.02176541717049577,0
1514,DumbAgent,64,0.4,1589,48,0.030207677784770296,0
1515,DumbAgent,64,0.4,1683,52,0.030897207367795602,0
1516,DumbAgent,64,0.4,1592,52,0.032663316582914576,0
1517,DumbAgent,64,0.4,1656,55,0.03321256038647343,0
1518,DumbAgent,64,0.4,1632,44,0.02696078431372549,0
1519,DumbAgent,64,0.4,1634,37,0.022643818849449205,0
1520,DumbAgent,64,0.4,1548,51,0.03294573643410853,0
1521,DumbAgent,64,0.4,1615,43,0.026625386996904025,0
1522,DumbAgent,64,0.4,1606,39,0.024283935242839352,0
1523,DumbAgent,64,0.4,1609,55,0.03418272218769422,0
1524,DumbAgent,64,0.4,1640,43,0.02621951219512195,0
1525,DumbAgent,64,0.4,1601,40,0.024984384759525295,0
1526,DumbAgent,64,0.4,1601,48,0.029981261711430358,0
1527,DumbAgent,64,0.4,1648,43,0.026092233009708737,0
1528,DumbAgent,64,0.4,1696,46,0.027122641509433963,0
1529,DumbAgent,64,0.4,1629,35,0.021485573971761818,0
1530,DumbAgent,64,0.8,3296,100,0.03033980582524272,0
1531,DumbAgent,64,0.8,3289,65,0.019762845849802372,0
1532,DumbAgent,64,0.8,3268,95,0.029069767441860465,0
1533,DumbAgent,64,0.8,3317,89,0.02683147422369611,0
1534,DumbAgent,64,0.8,3267,77,0.02356902356902357,0
1535,DumbAgent,64,0.8,3326,96,0.028863499699338546,0
1536,DumbAgent,64,0.8,3289,101,0.03070842201276984,0
1537,DumbAgent,64,0.8,3268,90,0.027539779681762546,0
1538,DumbAgent,64,0.8,3283,91,0.02771855010660981,0
1539,DumbAgent,64,0.8,3245,94,0.02896764252696456,0
1540,DumbAgent,64,0.8,3260,102,0.03128834355828221,0
1541,DumbAgent,64,0.8,3305,98,0.029652042360060513,0
1542,DumbAgent,64,0.8,3353,100,0.029824038174768863,0
1543,DumbAgent,64,0.8,3304,89,0.026937046004842615,0
1544,DumbAgent,64,0.8,3272,106,0.0323960880195599,0
1545,DumbAgent,64,0.8,3281,110,0.03352636391344102,0
1546,DumbAgent,64,0.8,3266,78,0.023882424984690752,0
1547,DumbAgent,64,0.8,3265,107,0.032771822358346095,0
1548,DumbAgent,64,0.8,3284,92,0.028014616321559074,0
1549,DumbAgent,64,0.8,3271,94,0.028737389177621524,0
1550,DumbAgent,64,0.8,3305,89,0.026928895612708018,0
1551,DumbAgent,64,0.8,3309,90,0.027198549410698096,0
1552,DumbAgent,64,0.8,3296,96,0.02912621359223301,0
1553,DumbAgent,64,0.8,3271,104,0.03179455823907062,0
1554,DumbAgent,64,0.8,3294,73,0.022161505768063146,0
1555,DumbAgent,64,0.8,3278,88,0.026845637583892617,0
1556,DumbAgent,64,0.8,3276,102,0.031135531135531136,0
1557,DumbAgent,64,0.8,3300,98,0.029696969696969697,0
1558,DumbAgent,64,0.8,3272,97,0.029645476772616138,0
1559,DumbAgent,64,0.8,3300,94,0.028484848484848484,0
1560,DumbAgent,128,0.1,1694,10,0.0059031877213695395,0
1561,DumbAgent,128,0.1,1664,14,0.008413461538461538,0
1562,DumbAgent,128,0.1,1600,5,0.003125,0
1563,DumbAgent,128,0.1,1633,15,0.009185548071034905,0
1564,DumbAgent,128,0.1,1679,14,0.008338296605122097,0
1565,DumbAgent,128,0.1,1641,9,0.005484460694698354,0
1566,DumbAgent,128,0.1,1701,16,0.00940623162845385,0
1567,DumbAgent,128,0.1,1656,3,0.0018115942028985507,0
1568,DumbAgent,128,0.1,1602,20,0.012484394506866416,0
1569,DumbAgent,128,0.1,1588,17,0.010705289672544081,0
1570,DumbAgent,128,0.1,1631,10,0.0061312078479460455,0
1571,DumbAgent,128,0.1,1644,14,0.00851581508515815,0
1572,DumbAgent,128,0.1,1688,12,0.0071090047393364926,0
1573,DumbAgent,128,0.1,1628,10,0.006142506142506142,0
1574,DumbAgent,128,0.1,1608,11,0.006840796019900498,0
1575,DumbAgent,128,0.1,1644,5,0.0030413625304136255,0
1576,DumbAgent,128,0.1,1679,16,0.009529481834425254,0
1577,DumbAgent,128,0.1,1599,16,0.010006253908692933,0
1578,DumbAgent,128,0.1,1613,25,0.015499070055796652,0
1579,DumbAgent,128,0.1,1612,16,0.009925558312655087,0
1580,DumbAgent,128,0.1,1621,10,0.006169031462060457,0
1581,DumbAgent,128,0.1,1651,5,0.0030284675953967293,0
1582,DumbAgent,128,0.1,1673,14,0.008368200836820083,0
1583,DumbAgent,128,0.1,1643,10,0.006086427267194157,0
1584,DumbAgent,128,0.1,1638,13,0.007936507936507936,0
1585,DumbAgent,128,0.1,1678,14,0.00834326579261025,0
1586,DumbAgent,128,0.1,1645,12,0.00729483282674772,0
1587,DumbAgent,128,0.1,1639,12,0.007321537522879805,0
1588,DumbAgent,128,0.1,1595,11,0.006896551724137931,0
1589,DumbAgent,128,0.1,1670,15,0.008982035928143712,0
1590,DumbAgent,128,0.2,3310,21,0.006344410876132931,0
1591,DumbAgent,128,0.2,3172,18,0.005674653215636823,0
1592,DumbAgent,128,0.2,3254,29,0.008912108174554395,0
1593,DumbAgent,128,0.2,3270,24,0.007339449541284404,0
1594,DumbAgent,128,0.2,3223,23,0.007136208501396215,0
1595,DumbAgent,128,0.2,3236,22,0.006798516687268232,0
1596,DumbAgent,128,0.2,3374,19,0.005631298162418494,0
1597,DumbAgent,128,0.2,3275,34,0.010381679389312977,0
1598,DumbAgent,128,0.2,3201,16,0.00499843798812871,0
1599,DumbAgent,128,0.2,3244,16,0.004932182490752158,0
1600,DumbAgent,128,0.2,3245,25,0.007704160246533128,0
1601,DumbAgent,128,0.2,3279,29,0.008844159804818542,0
1602,DumbAgent,128,0.2,3361,25,0.007438262421898245,0
1603,DumbAgent,128,0.2,3265,39,0.011944869831546707,0
1604,DumbAgent,128,0.2,3318,16,0.004822182037371911,0
1605,DumbAgent,128,0.2,3318,20,0.006027727546714889,0
1606,DumbAgent,128,0.2,3296,12,0.0036407766990291263,0
1607,DumbAgent,128,0.2,3357,25,0.0074471254095918975,0
1608,DumbAgent,128,0.2,3240,23,0.0070987654320987656,0
1609,DumbAgent,128,0.2,3192,22,0.006892230576441102,0
1610,DumbAgent,128,0.2,3218,21,0.006525792417650715,0
1611,DumbAgent,128,0.2,3307,12,0.003628666465074085,0
1612,DumbAgent,128,0.2,3200,29,0.0090625,0
1613,DumbAgent,128,0.2,3239,21,0.006483482556344551,0
1614,DumbAgent,128,0.2,3254,28,0.008604794099569761,0
1615,DumbAgent,128,0.2,3226,24,0.007439553626782393,0
1616,DumbAgent,128,0.2,3333,18,0.0054005400540054005,0
1617,DumbAgent,128,0.2,3290,25,0.007598784194528876,0
1618,DumbAgent,128,0.2,3262,26,0.00797057020232986,0
1619,DumbAgent,128,0.2,3215,27,0.008398133748055987,0
1620,DumbAgent,128,0.4,6617,49,0.007405168505364969,0
1621,DumbAgent,128,0.4,6531,56,0.00857449088960343,0
1622,DumbAgent,128,0.4,6586,47,0.007136349832979046,0
1623,DumbAgent,128,0.4,6553,41,0.006256676331451244,0
1624,DumbAgent,128,0.4,6590,53,0.008042488619119879,0
1625,DumbAgent,128,0.4,6519,51,0.007823285780027611,0
1626,DumbAgent,128,0.4,6517,58,0.008899800521712445,0
1627,DumbAgent,128,0.4,6545,46,0.007028265851795263,0
1628,DumbAgent,128,0.4,6459,43,0.006657377302988079,0
1629,DumbAgent,128,0.4,6578,57,0.008665247795682578,0
1630,DumbAgent,128,0.4,6521,44,0.006747431375555896,0
1631,DumbAgent,128,0.4,6494,40,0.006159531875577456,0
1632,DumbAgent,128,0.4,6460,47,0.007275541795665635,0
1633,DumbAgent,128,0.4,6597,47,0.007124450507806579,0
1634,DumbAgent,128,0.4,6547,48,0.007331602260577364,0
1635,DumbAgent,128,0.4,6457,52,0.008053275514945021,0
1636,DumbAgent,128,0.4,6525,40,0.006130268199233717,0
1637,DumbAgent,128,0.4,6567,55,0.008375209380234505,0
1638,DumbAgent,128,0.4,6533,46,0.007041175570182153,0
1639,DumbAgent,128,0.4,6621,54,0.008155867693701857,0
1640,DumbAgent,128,0.4,6611,43,0.006504310996823476,0
1641,DumbAgent,128,0.4,6494,56,0.008623344625808438,0
1642,DumbAgent,128,0.4,6591,61,0.009255044758003338,0
1643,DumbAgent,128,0.4,6648,47,0.007069795427196149,0
1644,DumbAgent,128,0.4,6516,46,0.007059545733578883,0
1645,DumbAgent,128,0.4,6649,38,0.005715145134606708,0
1646,DumbAgent,128,0.4,6468,49,0.007575757575757576,0
1647,DumbAgent,128,0.4,6600,41,0.006212121212121212,0
1648,DumbAgent,128,0.4,6496,63,0.009698275862068966,0
1649,DumbAgent,128,0.4,6485,39,0.006013878180416345,0
1650,DumbAgent,128,0.8,13163,103,0.007824963914001367,0
1651,DumbAgent,128,0.8,13068,106,0.008111417202326294,0
1652,DumbAgent,128,0.8,13078,91,0.006958250497017893,0
1653,DumbAgent,128,0.8,13034,91,0.006981740064446832,0
1654,DumbAgent,128,0.8,13129,87,0.006626551907989946,0
1655,DumbAgent,128,0.8,13171,94,0.007136891655910713,0
1656,DumbAgent,128,0.8,13058,89,0.006815745137080717,0
1657,DumbAgent,128,0.8,13133,117,0.008908855554709511,0
1658,DumbAgent,128,0.8,13125,91,0.006933333333333333,0
1659,DumbAgent,128,0.8,13042,91,0.00697745744517712,0
1660,DumbAgent,128,0.8,13080,111,0.008486238532110092,0
1661,DumbAgent,128,0.8,13106,110,0.00839310239584923,0
1662,DumbAgent,128,0.8,13143,96,0.007304268431864871,0
1663,DumbAgent,128,0.8,13077,77,0.0058882006576431905,0
1664,DumbAgent,128,0.8,13167,83,0.006303637882585251,0
1665,DumbAgent,128,0.8,13127,100,0.007617886798202179,0
1666,DumbAgent,128,0.8,13194,82,0.006214946187661058,0
1667,DumbAgent,128,0.8,13136,95,0.007232034104750305,0
1668,DumbAgent,128,0.8,13116,85,0.006480634339737725,0
1669,DumbAgent,128,0.8,13153,96,0.007298715122025393,0
1670,DumbAgent,128,0.8,13058,98,0.00750497779139225,0
1671,DumbAgent,128,0.8,13082,101,0.007720532028741783,0
1672,DumbAgent,128,0.8,13059,100,0.007657554177195804,0
1673,DumbAgent,128,0.8,13060,95,0.007274119448698315,0
1674,DumbAgent,128,0.8,13073,108,0.008261301919987762,0
1675,DumbAgent,128,0.8,13046,84,0.006438755173999693,0
1676,DumbAgent,128,0.8,13235,86,0.006497922176048357,0
1677,DumbAgent,128,0.8,13073,104,0.007955327774803029,0
1678,DumbAgent,128,0.8,13097,90,0.006871802702909063,0
1679,DumbAgent,128,0.8,13048,99,0.007587369711833231,0
